"case_id","Pl_type","Def_type","Pl_gender","Def_gender","Number_pl","Number_def","Outcome","Verdict_note","Non_economic_damages_requested","Punitive_damages_requested","Monetary_award","Non_economic_damages_awarded","Punitive_damages_awarded","Percent_plaintiff_liable","verdict_date","claude_notes","dai_field_name","dai_field_value","dai_amount","value_confidence","flag_for_review","Number_jurors","Trial_date","Judge","Jury_size","Jurors_brought","Excused_for_cause","Pl_peremptory","Def_peremptory","Voir_dire_minutes","Voir_Dire_Extras","Final_trial_day","Delib_start_time","Delib_end_time","notes","Deliberation_minutes","Deliberation_minutes_flag"
"1000309","individual","corporation","Female",NA,"1","1","defendant","Jury found plaintiff had injuries but defendant did not engage in reckless conduct; verdict for defendant on Special Verdict Form A","YES","NO","0","0","0",NA,"04/05/2012","Two special verdict forms were provided (A and B); only Form A was completed. Question 2 answered NO (no reckless conduct), ending the inquiry in favor of defendant. Damage questions and fault apportionment questions were not reached. Non-party James Michael Goodwin was identified on the form for potential fault apportionment but not reached.",NA,NA,NA,NA,NA,"8","03/26/2012","Magistrate Judge Craig B. Shaffer","8",NA,"3","3","3","160","Court's preliminary statements to the jury panel and jurors sworn for voir dire occurred between jury panel being present (9:23 a.m.) and fourteen jurors called to the jury box for voir dire. Eight selected jurors addressed by court (11:55 a.m.) occurred between end of challenges and jurors sworn to try the case (1:11 p.m. session).","9","9:31 a.m.","1:03 p.m.","Jury polled at plaintiff's request; all jurors confirmed verdict. Judgment entered in favor of Defendant. Plaintiff's Exhibit 953 admitted during pre-jury discussion. Jury verdict filed conventionally per General Order 2007-3.",212,NA
"1002201","individual","federal agency","Male",NA,"1","1","defendant","Jury answered No to both liability questions (Claim 1: Retaliation based on emergency placement; Claim 2: Retaliation based on constructive discharge), so remaining questions on damages were not answered.","NO","NO","0",NA,"0",NA,"08/08/2018","Defendant is Megan J. Brennan, Postmaster General, United States Postal Service. Both liability claims were decided in favor of the defendant. Questions 3-5 regarding compensatory damages and mitigation were left blank as instructed when both Q1 and Q2 are answered No.",NA,NA,NA,NA,NA,"9","07/30/2018","Chief Judge Marcia S. Krieger",NA,NA,NA,NA,NA,"106","Jurors sworn for voir dire occurred between the 9:51 a.m. timestamp and the start of voir dire by the Court; counsel exercised their challenges between voir dire by the Court and jurors sworn to try the case (end boundary at 11:37 a.m. recess)",NA,NA,NA,NA,NA,NA
"1002529","individual","city","Male",NA,"1","1","defendant","Jury answered No to Question 1 (hostile work environment based on race/national origin not proven), ending deliberations in favor of defendant","YES","NO","0","0","0",NA,"10/25/2012","Verdict form stopped at Question 1 with a No answer; Questions 2 and 3 were not reached. Question 3 asked for damages caused by hostile work environment but was never answered. Juror name redacted on signed form.",NA,NA,NA,NA,NA,"8","10/22/2012","Judge William J. Martínez","8",NA,"2","3","3","92","Bench conferences at 10:07 and 10:16; recess from 10:24 to 10:40; bench conference at 10:41","4","12:59","3:38","Two Rule 50 motions were denied: one on the general motion and one specifically on the affirmative defense. Trial duration recorded as three hours and 34 minutes. Jury verdict filed conventionally per General Order 2008-03.",NA,"one or more days had unresolvable times — verify manually"
"1002912","corporation","individual, corporation",NA,"Male","2","2","defendant","All antitrust claims decided in favor of defendants; jury answered 'no' to all liability questions (Q1, Q2, Q11, Q12, Q13, Q14, Q15, Q16, Q17, Q18, Q19); damages awarded were $0 for both plaintiffs","NO","NO","0",NA,"0",NA,"07/10/2013","Special verdict form in antitrust case. Plaintiffs The Church and Vinyl brought claims for tying (per se and rule of reason), monopolization, and attempted monopolization against defendants Bradley Roulier and Beta nightclub. Jury found for defendants on all claims. Jury answered 'yes' to affirmative defenses Q20 and Q21 (failure to mitigate and rule of reason defense). Damages for both plaintiffs were $0. Answers to Q24 and Q25 on mitigation appear to show $0 as well. Juror names were redacted on the signature page.",NA,NA,NA,NA,NA,"7","06/24/2013","Judge R. Brooke Jackson","7","40","2","3","3","146",NA,"11","11:32","3:29 p.m.","Deliberation start time recorded as '11:32' without 'a.m.' designation. During deliberations at 2:23 p.m. the court convened without jury to discuss and agree on a written answer to a juror question. Exhibits and depositions returned to counsel; original Verdict Form filed conventionally per General Order 2007-03. Total court time recorded as 02:24.",NA,"one or more days had unresolvable times — verify manually"
"1077","federal government, individual","corporation",NA,NA,"2","4","plaintiff","liability only — jury found defendants made major or significant changes to 5 hide export certificates knowingly without replacement certificates; found 0 certificates changed with intent to conceal/avoid/decrease obligation","NO","NO","0",NA,"0",NA,"03/14/2009","This is a False Claims Act case (qui tam) involving hide export certificates. The verdict form addresses only liability questions about whether defendants knowingly altered certificates. No damages were determined by this jury. The date is approximately the 14th of March 2009 based on handwritten date. Question 4 found 0 certificates changed with concealment intent, which may limit damages exposure under the FCA.",NA,NA,NA,NA,NA,"12","03/09/2009","Senior Judge John L. Kane","12",NA,"4","3","3","88","Recess from 11:47 a.m. to 11:56 a.m. (9 minutes) occurred during voir dire window; peremptory challenges exercised after court reconvened at 11:56 a.m. before jury was called at 12:03 p.m.","7",NA,"3:54 p.m.","Jury resumed deliberations at 9:00 a.m. (deliberations started on a prior day). The Court questioned the jury about an unintentional 'question mark' on the Special Verdict Form; the Foreperson circled and initialed the item. Jury was polled, verdict received at 4:10 p.m., jury excused at 4:11 p.m. Time in court was only 8 minutes. Document is an amended courtroom minutes entry.",NA,"one or more days had unresolvable times — verify manually"
"1077","federal government, individual","corporation",NA,NA,"2","4","plaintiff","liability only — jury found defendants made major or significant changes to 5 hide export certificates knowingly without replacement certificates; found 0 certificates changed with intent to conceal/avoid/decrease obligation","NO","NO","0",NA,"0",NA,"03/14/2009","This is a False Claims Act case (qui tam) involving hide export certificates. The verdict form addresses only liability questions about whether defendants knowingly altered certificates. No damages were determined by this jury. The date is approximately the 14th of March 2009 based on handwritten date. Question 4 found 0 certificates changed with concealment intent, which may limit damages exposure under the FCA.",NA,NA,NA,NA,NA,"12","03/09/2009","Senior Judge John L. Kane","12",NA,"4","3","3","88","Recess from 11:47 a.m. to 11:56 a.m. (9 minutes) occurred during voir dire window; peremptory challenges exercised after court reconvened at 11:56 a.m. before jury was called at 12:03 p.m.","7",NA,"3:54 p.m.","Jury resumed deliberations at 9:00 a.m. (deliberations started on a prior day). The Court questioned the jury about an unintentional 'question mark' on the Special Verdict Form; the Foreperson circled and initialed the item. Jury was polled, verdict received at 4:10 p.m., jury excused at 4:11 p.m. Time in court was only 8 minutes. Document is an amended courtroom minutes entry.",NA,"one or more days had unresolvable times — verify manually"
"1077","federal government, individual","corporation",NA,NA,"2","4","plaintiff","liability only — jury found defendants made major or significant changes to 5 hide export certificates knowingly without replacement certificates; found 0 certificates changed with intent to conceal/avoid/decrease obligation","NO","NO","0",NA,"0",NA,"03/14/2009","This is a False Claims Act case (qui tam) involving hide export certificates. The verdict form addresses only liability questions about whether defendants knowingly altered certificates. No damages were determined by this jury. The date is approximately the 14th of March 2009 based on handwritten date. Question 4 found 0 certificates changed with concealment intent, which may limit damages exposure under the FCA.",NA,NA,NA,NA,NA,NA,"03/09/2009","Senior Judge John L. Kane","12",NA,"4","3","3","88","Recess from 11:47 a.m. to 11:56 a.m. (9 minutes) occurred during voir dire window; peremptory challenges exercised after court reconvened at 11:56 a.m. before jury was called at 12:03 p.m.","7",NA,"3:54 p.m.","Jury resumed deliberations at 9:00 a.m. (deliberations started on a prior day). The Court questioned the jury about an unintentional 'question mark' on the Special Verdict Form; the Foreperson circled and initialed the item. Jury was polled, verdict received at 4:10 p.m., jury excused at 4:11 p.m. Time in court was only 8 minutes. Document is an amended courtroom minutes entry.",NA,"one or more days had unresolvable times — verify manually"
"1077","federal government, individual","corporation",NA,NA,"2","4","plaintiff","liability only — jury found defendants made major or significant changes to 5 hide export certificates knowingly without replacement certificates; found 0 certificates changed with intent to conceal/avoid/decrease obligation","NO","NO","0",NA,"0",NA,"03/14/2009","This is a False Claims Act case (qui tam) involving hide export certificates. The verdict form addresses only liability questions about whether defendants knowingly altered certificates. No damages were determined by this jury. The date is approximately the 14th of March 2009 based on handwritten date. Question 4 found 0 certificates changed with concealment intent, which may limit damages exposure under the FCA.",NA,NA,NA,NA,NA,NA,"03/09/2009","Senior Judge John L. Kane","12",NA,"4","3","3","88","Recess from 11:47 a.m. to 11:56 a.m. (9 minutes) occurred during voir dire window; peremptory challenges exercised after court reconvened at 11:56 a.m. before jury was called at 12:03 p.m.","7",NA,"3:54 p.m.","Jury resumed deliberations at 9:00 a.m. (deliberations started on a prior day). The Court questioned the jury about an unintentional 'question mark' on the Special Verdict Form; the Foreperson circled and initialed the item. Jury was polled, verdict received at 4:10 p.m., jury excused at 4:11 p.m. Time in court was only 8 minutes. Document is an amended courtroom minutes entry.",NA,"one or more days had unresolvable times — verify manually"
"1100303","corporation, individual","county","Mixed",NA,"5","1","plaintiff",NA,"NO","NO","400400",NA,"0",NA,"12/21/2012","St. Paul Sober Living LLC awarded $400,000; Chris Edrington, Donald Edrington, Adam Tipton, and Alex Colins each awarded $100 (nominal damages, as jury found no proximate money damages for those individuals). Retaliation claim found for St. Paul Sober Living LLC only; not for Chris or Donald Edrington. Discrimination (Q1) found yes. Juror names redacted on the signature page.",NA,NA,NA,NA,NA,"7","12/18/2012","Judge R. Brooke Jackson","7","23","2","3","3","114","Between the 9:46 a.m. voir dire start timestamp and actual voir dire commencement, preliminary instructions by the Court had already been noted; between the end of voir dire by Ms. Coleman and the swearing of jurors, peremptory challenges and cause excusals were recorded. A recess from 10:07 a.m. to 11:12 a.m. (65 minutes) occurred within the voir dire window and is subtracted. Net calculation: 9:46 a.m. to approximately 12:21 p.m. (when court recessed after jury instructions) is not used; instead, voir dire ends when jurors are sworn. Voir dire by Coleman ends at 11:40 a.m.; jurors sworn before 12:21 p.m. recess. Bench conference at 11:12 a.m. noted upon return from recess.","4","9:41 a.m.","11:58 a.m.","There was a mid-deliberation recess (11:00 a.m. to 11:58 a.m.) during which the court addressed jurors' questions with parties; Mr. Polin appeared by phone for that session. After verdict was read, court granted plaintiff's oral request for a permanent injunction enjoining the Board of County Commissioners from enforcing its zoning code in a way that would require the sober living house to be removed, subject to submission of a written order. Total court time recorded as 01:06.",137,NA
"1100767","individual","individual","Male","Male","1","2","defendant","Jury found in favor of both defendants on all questions (unlawful arrest, excessive force, willful and wanton negligence, and outrageous conduct). Plaintiff's certification section was not signed; defendant certification section was signed for both Michael Donnellon and Aaron Sandoval.","YES","YES","0","0","0",NA,"09/27/2017","Questions Five and Six (actual and punitive damages) were not reached because all liability questions were answered in favor of the defendants. The verdict form included spaces for actual and punitive damages but they were left blank as the jury found for the defendants on all counts.",NA,NA,NA,NA,NA,NA,"08/04/2014","Senior District Judge Richard P. Matsch","11",NA,"5","3","3","115","Eighteen jurors called to the jury box before voir dire began at 8:40 a.m.; bench conference from 10:35 to 10:37 a.m. for counsel to pass jurors for cause occurred between the end of court voir dire and juror selection","6",NA,NA,"Case settled before jury deliberations began. Court imposed jury costs of $4,950.76 to be paid equally between plaintiff and defendants. Order Dismissing Case with Prejudice signed. Jury was informed of settlement and discharged. No verdict was reached. Total court time on final day was 16 minutes.",NA,"one or more days had unresolvable times — verify manually"
"1100874","individual","corporation","Male",NA,"1","1","defendant","Jury found plaintiff engaged in protected activity (Q2: Yes) but defendant did not retaliate (Q3: No); national origin discrimination not found (Q1: No); plaintiff was at-will employee (Q4a: Yes); defendant would have terminated plaintiff for unauthorized tape recording (Q6: Yes); no damages awarded","NO","NO","0",NA,"0",NA,"08/03/2012","Verdict form covers Title VII national origin discrimination and retaliation claims, as well as state law implied contract claims. All liability questions resolved in favor of defendant. Damage questions (7, 8, 9) were left blank as no liability was found. Q5 was marked N/A as Q4a (at-will) was answered Yes, making Q5 inapplicable.",NA,NA,NA,NA,NA,"10",NA,NA,NA,NA,NA,NA,NA,NA,NA,NA,NA,NA,NA,NA,NA
"1101765","individual, corporation","corporation","Male",NA,"2","1","defendant","Patent infringement case. Jury found infringement only for Alpena Head 'N' Grill (not LEDLitz or MOTION), but found patent invalid due to anticipation (Q3: Yes), which per instructions meant Q4 (damages) was not answered. Defendant prevailed on invalidity defense.","NO","NO","0",NA,"0",NA,"08/12/2014","This is a patent infringement case. The jury found infringement of the '780 Patent by the Alpena Head 'N' Grill only (Q1c: Yes), but found the patent invalid due to anticipation (Q3: Yes). Because Q3 was answered Yes, the jury was instructed not to answer Q4 (damages), leaving the damages line blank. The defendant effectively won on the invalidity defense.",NA,NA,NA,NA,NA,"9","08/04/2014","Judge Robert E. Blackburn","9","15","1","3","3","136","Court advises panel of jurors regarding admonitions of trial during the break (between 10:19 a.m. voir dire by Mr. Bradford and the 10:24 a.m. recess)","7",NA,"11:33 a.m.","Deliberations had concluded before court convened; court opened at 11:33 a.m. specifically to receive the verdict. Deliberation start time not recorded in this document — likely in a prior day's minutes. Total time in court was only 10 minutes. Jury verdict filed conventionally per General Order 2007-3.",NA,"one or more days had unresolvable times — verify manually"
"1101934","individual","corporation","Male",NA,"1","1","plaintiff",NA,"NO","NO","325000",NA,"0",NA,"08/16/2012","Single lump-sum damages award of $325,000 with no breakdown by category. The verdict form is a simple one-line finding for plaintiff against American Family Mutual Insurance Company.",NA,NA,NA,NA,NA,"7","08/13/2012","Circuit Judge David M. Ebel","7",NA,"2","3","3","104","13 members of the jury panel called to the jury seats for voir dire; introductions by counsel and parties; the court reads a brief summary of the case to the jury — all occurring between the 9:11 a.m. panel-sworn timestamp and the start of substantive voir dire questioning","4","10:33 a.m.","2:34 p.m.","The verdict notification timestamp is recorded as '2:10 a.m.' which is almost certainly a typographical error and should read '2:10 p.m.' given the sequential context of the day's events. Multiple Court Security Officers were sworn in at intervals during deliberations (Gary Osborne at 11:00 a.m., Katherine Maestas at 11:30 a.m., Terry Simmons at 12:30 p.m.). Jurors were polled at the request of the defendant.",241,NA
"1102557","federal agency","corporation",NA,NA,"1","1","plaintiff","Jury found for plaintiff on disability discrimination (Q1 Yes) but not on unlawful use of medical examination (Q2 No). Affirmative defense of direct threat rejected (Q3 No). Back pay awarded but reduced for failure to mitigate. Punitive damages denied.","YES","YES","29543.25","0","0",NA,"04/12/2013","Back pay awarded was $132,347.00; reduced by $102,803.75 for failure to mitigate (Q5 Yes, Q6), resulting in net back pay of $29,543.25. Emotional pain and mental anguish damages awarded $0. Punitive damages question answered No, Q8 not filled in.","Emotional Pain and Mental Anguish Damages:","$ 0",0,0.73605907,TRUE,"10",NA,NA,NA,NA,NA,NA,NA,NA,NA,NA,NA,NA,NA,NA,NA
"1202735","individual","county","Male","Male","1","3","plaintiff","Court had already ruled defendants Weatherill and Hartbauer violated the Fourth Amendment by entry and removal of plaintiff from van; jury found no excessive force (Q1: No) but found Stan Bishop liable (Q2: Yes) and damages proven (Q3: Yes)","NO","NO","72583",NA,"0",NA,"05/22/2015","The court had pre-determined liability for the Fourth Amendment violation (unlawful entry and removal from van); the jury was asked about excessive force (No), supervisory liability of Stan Bishop (Yes), and damages (Yes, $72,583). The damages award is a lump sum with no breakdown specified.",NA,NA,NA,NA,NA,"11","05/18/2015","Senior District Judge Richard P. Matsch","12",NA,"3","3","3","72","At 8:47 a.m., voir dire oath given, introductions of people seated at counsel table, and initial eighteen jurors drawn from jury wheel occurred before voir dire by Court commenced at 9:00 a.m. At 10:30 a.m., bench conference where counsel passed jury panel for cause and requested no additional voir dire by the Court occurred before jury was sworn at 11:12 a.m.; at 10:35 a.m. Court outlined trial stages and protocol; challenges for cause and peremptory challenges were exercised; at 10:45 a.m. jury excused and court recessed until 11:08 a.m.","5",NA,"11:42 a.m.","Deliberations began at 9:00 a.m. on this final day (Day 5) per the minutes narrative, but no formal timestamp entry marks that start — it is described in prose only. The jury had reconvened from a prior day. Verdict was in favor of plaintiff and against all defendants. Counsel declined jury poll. Total session time was 11 minutes.",NA,"one or more days had unresolvable times — verify manually"
"1302826","individual","government","Female",NA,"1","1","defendant","Jury found for defendant on Question 1 (Equal Pay Act discrimination not proven); Questions 2-5 were not reached","NO","NO","0",NA,"0",NA,"02/07/2017","Verdict form answered No to Question 1 (EPA discrimination), ending deliberations. Questions 2-5 were not answered. The damages section referenced willfulness and a date range of October 16, 2010 through May 10, 2012 (or October 16, 2011 through May 10, 2012 if not willful), but these were never reached. Defendant is Colorado Public Employees' Retirement Association, a state retirement association.",NA,NA,NA,NA,NA,"10","01/30/2017","Senior Judge Wiley Y. Daniel","10",NA,"6","3","3","155",NA,"7","9:00 a.m.","4:26 p.m.","Jury sent two questions during deliberations (at 2:45 p.m. and 3:59 p.m.). Court responded in writing to the first question and read jury instruction 28 aloud for the second. Jury was briefly brought into courtroom at 4:10 p.m. for the second question response before resuming deliberations. Verdict reached and read at 4:30 p.m.; jury polled at 4:31 p.m. and discharged at 4:35 p.m. Defendant's Motion to Strike Plaintiff's Expert Economist (ECF Doc. No. 153) denied as moot. Exhibits returned to counsel at conclusion of trial. Total court time recorded as 31 minutes.",446,NA
"1400348","individual","corporation","Male",NA,"1","1","defendant","Jury answered No to Question 1 (plaintiff did not prove he was unaware of the ineligible for rehire designation until 2013), ending deliberations at that point — verdict for defendant on statute of limitations/discovery grounds","NO","NO","0","0","0",NA,"08/26/2016","The jury answered No to Question 1 regarding whether plaintiff proved he did not know (or should not have known through reasonable diligence) of the ineligible for rehire designation until 2013. Per the form instructions, this ended deliberations. Questions 2-6 were not answered. The case involved an age discrimination claim under the ADEA against SkyWest Airlines.",NA,NA,NA,NA,NA,"7","08/22/2016","Magistrate Judge Michael E. Hegarty","7",NA,"3","3","3","58","Thirteen jurors called to the jury box occurred between jury being brought in at 9:38 a.m. and voir dire by the Court beginning; bench conferences with counsel at 11:14 a.m. and with counsel and juror 100326927 at 11:17 a.m. occurred between end of attorney voir dire and jury being sworn at 11:36 a.m.","5","11:56 a.m.","2:00 p.m.","Jury sent a note to chambers at 12:55 p.m. during deliberations; court reconvened at 1:30 p.m. to discuss the note, then recessed again at 1:46 p.m. before reconvening at 2:00 p.m. when the verdict was received. Plaintiff requested jury poll; all jurors affirmed the verdict. Total in-court time was 3 hours, 24 minutes.",124,NA
"1400778","corporation","corporation",NA,NA,"1","1","defendant","Jury answered NO to Question 1 (fraudulent misrepresentation or concealment not proven), ending deliberations on Verdict Form A without reaching damages questions","NO","YES","0","0","0",NA,"09/23/2016","Verdict Form A only. Jury found plaintiff did not prove all eight essential elements of fraudulent misrepresentation or concealment (Q1 = NO), so no further questions were answered. All damage lines (Q5a-i, Q7, Q9) were left blank as instructed.",NA,NA,NA,NA,NA,"9","09/12/2016","Judge Robert E. Blackburn","9","15","9","3","3","87","Recess from 11:05 a.m. to 11:23 a.m. (18 minutes) occurred during voir dire window. Voir dire started at 10:03 a.m. and ended at 12:08 p.m. (civil jury oath administered), total elapsed 125 minutes minus 18 minutes recess = 107 minutes. However, bench conference from 11:57 a.m. to 12:00 p.m. (3 minutes) and peremptory challenges exercised between 12:00 p.m. and 12:08 p.m. occurred between last voir dire activity and jury oath. Net voir dire: 125 - 18 = 107 minutes including bench conference and peremptory challenge time.","10","12:18 p.m.","5:23 p.m.","Jury requested additional deliberation time; court granted an extra 30 minutes. Verdict was unanimous. Defendant ordered to file motion for attorneys' fees and costs by October 14, 2016. Total time in court recorded as 3:54. Exhibits and depositions returned to counsel at conclusion of trial.",305,NA
"1400778","corporation","corporation",NA,NA,"1","1","defendant","Jury answered NO to Question 1 — plaintiff failed to prove breach of contract; remaining questions not answered","NO","NO","0",NA,"0",NA,"09/23/2016","Verdict Form B for breach of contract claim only. Jury found for defendant TECSYS on Question 1 (plaintiff did not prove all three essential elements of breach of contract), so all subsequent questions were left unanswered per instructions. The form also contained questions about affirmative defenses (accord and satisfaction, prevention of performance, waiver, statute of limitations, failure to mitigate) and damages categories including lost profits, but none were reached.",NA,NA,NA,NA,NA,"9","09/12/2016","Judge Robert E. Blackburn","9","15","9","3","3","87","Recess from 11:05 a.m. to 11:23 a.m. (18 minutes) occurred during voir dire window. Voir dire started at 10:03 a.m. and ended at 12:08 p.m. (civil jury oath administered), total elapsed 125 minutes minus 18 minutes recess = 107 minutes. However, bench conference from 11:57 a.m. to 12:00 p.m. (3 minutes) and peremptory challenges exercised between 12:00 p.m. and 12:08 p.m. occurred between last voir dire activity and jury oath. Net voir dire: 125 - 18 = 107 minutes including bench conference and peremptory challenge time.","10","12:18 p.m.","5:23 p.m.","Jury requested additional deliberation time; court granted an extra 30 minutes. Verdict was unanimous. Defendant ordered to file motion for attorneys' fees and costs by October 14, 2016. Total time in court recorded as 3:54. Exhibits and depositions returned to counsel at conclusion of trial.",305,NA
"1400778","corporation","corporation",NA,NA,"1","1","defendant","Jury answered No to Question 1 (breach of implied duty of good faith and fair dealing not proven), ending deliberations on Verdict Form C without reaching damages questions","NO","NO","0",NA,"0",NA,"09/23/2016","This is Verdict Form C covering only the breach of implied duty of good faith and fair dealing claim. The jury found for the defendant on Question 1, so no further questions were answered. The form includes damage categories (lost employee time, training expenses, equipment costs, lost profits) and a gross negligence/willful misconduct question but none were reached.",NA,NA,NA,NA,NA,"9","09/12/2016","Judge Robert E. Blackburn","9","15","9","3","3","87","Recess from 11:05 a.m. to 11:23 a.m. (18 minutes) occurred during voir dire window. Voir dire started at 10:03 a.m. and ended at 12:08 p.m. (civil jury oath administered), total elapsed 125 minutes minus 18 minutes recess = 107 minutes. However, bench conference from 11:57 a.m. to 12:00 p.m. (3 minutes) and peremptory challenges exercised between 12:00 p.m. and 12:08 p.m. occurred between last voir dire activity and jury oath. Net voir dire: 125 - 18 = 107 minutes including bench conference and peremptory challenge time.","10","12:18 p.m.","5:23 p.m.","Jury requested additional deliberation time; court granted an extra 30 minutes. Verdict was unanimous. Defendant ordered to file motion for attorneys' fees and costs by October 14, 2016. Total time in court recorded as 3:54. Exhibits and depositions returned to counsel at conclusion of trial.",305,NA
"1402403","individual","individual","Male","Female","1","1","plaintiff",NA,"NO","NO","250",NA,"0",NA,"06/12/2018","Claim appears to be a civil rights/deliberate indifference claim (serious medical need). The verdict form asks a single damages question with no breakdown by category. Award of $250.00 is unusually low.",NA,NA,NA,NA,NA,NA,"06/11/2018","Chief Judge Marcia S. Krieger",NA,NA,NA,NA,NA,"85","Jurors sworn for voir dire occurred before voir dire by the Court began; jurors sworn to try the case occurred after counsel exercised their challenges","2","10:44 a.m.","1:43 p.m.","Juror #336112 was absent and excused before deliberations began. Court resumed at 1:43 p.m. and jury was present at 1:46 p.m. when verdict was announced. Jurors were polled individually to confirm verdict.",179,NA
"1402565","corporation","individual",NA,"mixed","1","3","defendant","All claims found in favor of defendants on all counts; damages questions left blank as all liability questions answered No","NO","YES","0",NA,"0",NA,"11/04/2016","Jury found in favor of all three defendants (Glenn McQuate, Paul Prouty, Mary Wong) on all 18 liability questions covering misappropriation of trade secrets, breach of contract, breach of duty of loyalty, tortious interference with prospective business advantage, intentional interference with contracts, and civil conspiracy. Damages sections (Part II and Part III) were left blank as instructed when all liability questions answered No.",NA,NA,NA,NA,NA,"7","10/31/2016","Judge Raymond P. Moore","8",NA,NA,"3","3","82","Voir dire by Ms. Miletich began at 11:06 a.m. after court resumed at 11:05 a.m.; counsel passed the panel for cause at 11:17 a.m. at the bench before jurors were sworn","5","12:11 p..m.","4:50 p.m.","Verdict found in favor of Defendants and against Plaintiffs. Document notes 'Trial continued' despite verdict being reached and judgment directed to be entered. Typo in original document: '12:11 p..m.' (double period). Total in court time recorded as 03:14.",279,NA
"1500720","individual","corporation","Male",NA,"1","1","plaintiff",NA,"YES","NO","580000","100000","0",NA,"08/18/2017","Noneconomic damages awarded: $100,000; Economic damages awarded: $500,000; Reduction for failure to mitigate: $20,000; Net award: $580,000. Both actual and constructive discharge questions (Q3 and Q4) were answered YES.",".
What is the total amount of plaintiff's damages, if any, for economic losses? Economic","b",NA,0.42680675,TRUE,"7",NA,"Judge Lewis T. Babcock",NA,NA,NA,NA,NA,NA,NA,"5","1:17 p.m.","4:31 p.m.","Deliberation start time recorded as 'Jury begins deliberation' at 1:17 p.m. A jury deliberation question was reviewed with counsel at 3:20 p.m. Verdict reached at 4:31 p.m. when court came back in session and jury was escorted in. Jury was polled and then excused. Total time in court recorded as 03:45.",194,NA
"1501068","individual","corporation","Male",NA,"1","1","defendant","Jury answered No to questions 2, 3, and 4 (defendant did not know about danger, did not fail to use reasonable care, and failure was not a cause of plaintiff's injuries), resulting in a defense verdict. Damage and negligence percentage fields were left blank.","YES","NO","0","0","0",NA,"01/12/2017","The jury answered Yes to Question 1 (plaintiff had injuries) but No to Questions 2, 3, and 4, which required a stop per the form instructions. Questions 5, 6, and 7 were therefore not answered. Damage award lines were left blank.",NA,NA,NA,NA,NA,"9","01/09/2017","Judge Lewis T. Babcock","9",NA,"2","3","3","51","Prior to voir dire commencing at 9:45 a.m., the following occurred after jury panel arrived at 9:09 a.m.: Court's opening remarks, court advised jury panel regarding stipulated facts, jurors sworn for voir dire, fifteen jurors called to the jury box, and counsel introduced themselves and those seated at counsel tables.","4","10:40 a.m.","2:10 p.m.","Jury deliberated from 10:40 a.m. to approximately 2:10 p.m. (court back in session) with verdict announced at 2:12 p.m. Judgment entered in favor of defendant Wal-Mart Stores, Inc. with costs awarded to defendant. Total trial time recorded as 1:42. Exhibits and depositions returned to counsel.",210,NA
"1501795","individual","individual","Male","Male","1","2","defendant","Jury found in favor of both defendants on all questions (unlawful arrest, excessive force, willful and wanton negligence, and outrageous conduct). Questions Five and Six (damages) were not reached.","YES","YES","0","0","0",NA,"09/27/2017","All liability questions answered NO for both defendants. The verdict form included spaces for actual and punitive damages (Questions Five and Six) but these were not completed as the jury found for the defendants on all liability questions.",NA,NA,NA,NA,NA,"8","09/25/2017","Magistrate Judge Michael J. Watanabe","8",NA,"2","3","3","90","Fourteen jurors called to the jury box at 8:57 a.m.; Court's preliminary remarks and introduction of counsel, parties, and staff; Statement by the Court at 9:03 a.m.; All jurors sworn for voir dire at 9:07 a.m. before Court voir dire began at 9:08 a.m.","3","11:00 a.m.","1:19 p.m.","Plaintiff's closing rebuttal counsel name spelled inconsistently ('Mr. Poole' on page 2 vs. 'Mr. Pooley' on page 1). Jury size was eight jurors. Plaintiff's Exhibit 28b admitted by stipulation. Post-trial motions deadline set for October 12, 2017. Total in-court time recorded as 01:51.",139,NA
"1501974","individual","individual","Male","Mixed","1","2","plaintiff","This document is courtroom minutes noting a verdict was reached and read aloud, but does not contain the actual verdict form with findings or damages. The verdict details and monetary award cannot be determined from this document alone — the verdict form/judgment document should be consulted. Historically, Taylor Swift's counterclaim was awarded $1.","NO","NO",NA,NA,NA,NA,"08/14/2017","This document is courtroom minutes for jury trial day six, not the actual verdict form. It confirms a verdict was reached and read aloud on 08/14/2017 but does not contain the substance of the verdict, damage amounts, or liability findings. The case involves David Mueller (plaintiff) vs. Frank Bell and Andrea Swift (defendants), with Taylor Swift as counterclaimant. The actual verdict form must be consulted for damage amounts and liability determinations.",NA,NA,NA,NA,NA,"8","08/07/2017","Judge William J. Martínez",NA,NA,"13",NA,NA,"143","Voir dire commences at 02:15; jury panel administered voir dire oath at 02:25; bench conference with juror #174 at 02:47; court voir dire continued after bench conference; jury excused from courtroom at 03:20 for cause challenges argument; recess 03:34-03:57; jury panel returned 03:57; attorney voir dire by Mr. McFarland at 03:58 and Mr. Baldridge at 04:30; court read Amended Trial Decorum Order aloud; jury excused at 04:38 for post-voir dire cause challenges. Net recess subtracted: 23 minutes (03:34-03:57). Total elapsed 02:15 to 04:38 = 143 minutes minus 23 minutes recess = 120 minutes. However, the jury was not formally sworn in this session, so end time used is 04:38 (jury excused after attorney voir dire). Net voir dire: (02:15 to 04:38) = 143 min minus 23 min recess = 120 min.","6","12:35","04:39","During deliberations, the jury submitted a question to the court at 03:40; parties could not reach a stipulation on an answer, so the court proposed its own answer with no objection from either party. Verdict was reached and read aloud by the court. Trial concluded at 04:50 p.m.",NA,"one or more days had unresolvable times — verify manually"
"1502785","corporation","individual, corporation",NA,"Mixed","1","3","plaintiff","Patent infringement case; jury found infringement on multiple claims across literal, doctrine of equivalents, contributory, and induced infringement theories; willfulness found only as to Defendant Von Honnecke; invalidity defenses (anticipation and obviousness) rejected","NO","NO","475000","0","0",NA,"02/15/2019","Lost profits awarded at $475,000. Reasonable royalty section (rate per unit, number of infringing units, monetary value) was left blank, indicating jury awarded only lost profits. Willfulness found only for Defendant Von Honnecke, not Chase Honnecke or S&H Sheet Metal Inc. Section II (Findings on Invalidity - Part A Anticipation) was not present in the document pages provided but page 20 shows anticipation question answered No. Obviousness also answered No on page 23.",NA,NA,NA,NA,NA,"8","02/11/2019","Judge Raymond P. Moore","8",NA,"1","3","3","99","Jury panel sworn on voir dire at 9:22 a.m. before voir dire by the Court began; peremptory challenges exercised at 11:17 a.m. before jurors sworn at 11:30 a.m.","5",NA,"3:46 p.m.","Deliberation start time not recorded in this document; it likely appears in a prior day's minutes. The jury sent a question during deliberations, which was discussed with counsel at 1:58 p.m. Verdict was reached and announced at 3:46 p.m. Jury excused at 3:59 p.m. Post-trial motions discussed; judgment to be entered at a later date. Total in-court time was 18 minutes.",NA,"one or more days had unresolvable times — verify manually"
"1600447","individual","individual","Male","Male","1","1","defendant","Jury found plaintiff did physically resist removal from cell (Q1: Yes), but found force used was not more than reasonably necessary (Q2: No), and found plaintiff did not prove unreasonable force claim (Q3: No). Questions 4 and 5 were not answered.","YES","YES","0","0","0",NA,"10/09/2019","Verdict for defendant. Because Q3 (unreasonable force claim) was answered No, the jury did not proceed to damages questions (Q4 and Q5). All damage fields were left blank on the form.",NA,NA,NA,NA,NA,NA,"10/07/2019","Chief Judge Philip A. Brimmer","9","15","2","2","3","83","Recess from 10:18 a.m. to 10:33 a.m. (15 minutes) subtracted. Voir dire start at 9:02 a.m. (voir dire by Court); end at 10:40 a.m. (nine jurors selected). Gross span = 98 minutes minus 15 minutes recess = 83 minutes.","3","3:40 p.m.","5:00 p.m.","Delib_start_time is approximated as 3:40 p.m. (court in recess after jurors excused to begin deliberations); the minutes do not record a precise timestamp for when deliberations formally began, only that jurors were excused to deliberate before the 3:40 p.m. recess. Defendant's Rule 50 motions were made twice and denied both times. Defendant's tendered Jury Instruction No. 1 and tendered jury verdict form were both refused. Total in-court time recorded as 5:21.",80,NA
"1603000","individual","individual","Male","Mixed","1","4","defendant","Jury found all four defendants NOT negligent (Question 1 answered NO for all defendants). Verdict form was not completed beyond Question 1. No damages awarded.","YES","NO","0","0","0",NA,"09/27/2018","Plaintiff is Patrice Stephenson-Licciardi as legal representative of Christian Licciardi. All four defendants (Claud Bays M.D., Michael Bonnet P.A., William Cooper M.D., Steven Hake M.D.) were found NOT negligent. The form includes a non-party Kyle Phillips N.P. for comparative negligence apportionment (Question 2-3) but those questions were not reached. Damages section was left blank.",NA,NA,NA,NA,NA,NA,"09/10/2018","Judge R. Brooke Jackson","7","36","5","3","3","156",NA,"13","1:13 p.m.","5:06 p.m.","Deliberation start time inferred from court going into recess at 1:13 p.m. after bailiff was sworn and jury sent to deliberate. Verdict found in favor of defendants. Exhibits returned to counsel with instruction to retain until appellate proceedings terminated plus sixty days.",233,NA
"1700025","individual","corporation","Female",NA,"1","1","plaintiff",NA,"YES","YES","400000",NA,"360000",NA,"02/22/2018","Jury found defendant both negligently and willfully violated the Fair Credit Reporting Act. FCRA actual damages of $25,000 and punitive damages of $360,000 were awarded. Additionally, breach of contract damages of $15,000 were awarded. Total award is $400,000 ($25,000 + $360,000 + $15,000). The actual damages under FCRA may include non-economic components but the form does not separately label them as such.","Question 3: If you answered ""YES” to Question 1 or Question 2, or both, then state the
amount of Plaintiff's actual damages on her Fair Credit Reporting Act claims:","$ 25,000.00",25000,0.6709322,TRUE,"10","02/20/2018","Senior Judge Wiley Y. Daniel","10",NA,"0","3","3","149","Voir dire oath given at 9:25 a.m. before voir dire by Court commenced at 9:35 a.m. Preliminary jury instructions read at 12:25 p.m. before jury sworn at 12:27 p.m.","3","11:30 a.m.","4:06 p.m.","Defendant's Motion for Directed Verdict (Doc. No. 80) was stricken; Defendant's Combined Motion in Limine (Doc. No. 43) was denied as moot. Exhibits and depositions were returned to counsel at the conclusion of trial. Total court time recorded as 1:59.",276,NA
"1700025","individual","corporation","Female",NA,"1","1","plaintiff",NA,"YES","YES","400000",NA,"360000",NA,"02/22/2018","Jury found defendant both negligently and willfully violated the Fair Credit Reporting Act. FCRA actual damages of $25,000 and punitive damages of $360,000 were awarded. Additionally, breach of contract damages of $15,000 were awarded. Total award is $400,000 ($25,000 + $360,000 + $15,000). The actual damages under FCRA may include non-economic components but the form does not separately label them as such.","If your answer to Question 6 is ""YES,"" in what amount?","$ 15,000.00",15000,0.6353457,TRUE,"10","02/20/2018","Senior Judge Wiley Y. Daniel","10",NA,"0","3","3","149","Voir dire oath given at 9:25 a.m. before voir dire by Court commenced at 9:35 a.m. Preliminary jury instructions read at 12:25 p.m. before jury sworn at 12:27 p.m.","3","11:30 a.m.","4:06 p.m.","Defendant's Motion for Directed Verdict (Doc. No. 80) was stricken; Defendant's Combined Motion in Limine (Doc. No. 43) was denied as moot. Exhibits and depositions were returned to counsel at the conclusion of trial. Total court time recorded as 1:59.",276,NA
"1700025","individual","corporation","Female",NA,"1","1","plaintiff",NA,"YES","YES","400000",NA,"360000",NA,"02/22/2018","Jury found defendant both negligently and willfully violated the Fair Credit Reporting Act. FCRA actual damages of $25,000 and punitive damages of $360,000 were awarded. Additionally, breach of contract damages of $15,000 were awarded. Total award is $400,000 ($25,000 + $360,000 + $15,000). The actual damages under FCRA may include non-economic components but the form does not separately label them as such.","Question 4: If you answered ""YES"" to Question 2, then state the amount of Plaintiff's
punitive damages on her Fair Credit Reporting Act claim:","$
360,000.00",360000,0.49273133,TRUE,"10","02/20/2018","Senior Judge Wiley Y. Daniel","10",NA,"0","3","3","149","Voir dire oath given at 9:25 a.m. before voir dire by Court commenced at 9:35 a.m. Preliminary jury instructions read at 12:25 p.m. before jury sworn at 12:27 p.m.","3","11:30 a.m.","4:06 p.m.","Defendant's Motion for Directed Verdict (Doc. No. 80) was stricken; Defendant's Combined Motion in Limine (Doc. No. 43) was denied as moot. Exhibits and depositions were returned to counsel at the conclusion of trial. Total court time recorded as 1:59.",276,NA
"1700584","individual","corporation","Male",NA,"1","1","defendant","Jury answered No to Question 1 (premises liability claim), so questions 2-4 were not answered. Defendant prevailed.","YES","NO","0","0","0",NA,"10/18/2018","Jury found for defendant on premises liability claim. Questions 2-5 (damages and comparative negligence) were not answered because Question 1 was answered No. The form included spaces for non-economic damages (pain and suffering, physical impairment) and comparative fault allocation, but none were completed.",NA,NA,NA,NA,NA,NA,"10/15/2018","Judge Philip A. Brimmer","9","15","2","3","3","175","At 9:13 a.m. jurors were seated and court made preliminary remarks, introduced staff/counsel/parties, gave a statement, and swore jurors for voir dire before voir dire by Court began at 9:26 a.m. Voir dire end boundary: jurors selected at 11:46 a.m. Recess from 10:29 to 10:47 a.m. (18 minutes) subtracted. Net: (9:26 to 11:46 = 140 min) minus 18 min recess = 122 min. Note: if start is taken as 9:13 (jurors present), total span is 9:13 to 11:46 = 153 min minus 18 min recess = 135 min.","4",NA,"11:14 a.m.","Deliberation start time not recorded in this document; jury had already reached a verdict when court convened. Court in session at 11:14 a.m. with notice that jury had reached a verdict; jurors brought in at 11:16 a.m. for verdict reading. Total in-court time was only 6 minutes. Also present at defense table: legal assistant Delwin Hervey and client representative Tess Simpkins.",NA,"one or more days had unresolvable times — verify manually"
"1701341","individual","individual","Male","Mixed","1","2","plaintiff","Two claims decided: Claim 1 (First Amendment retaliation against Sgt. Watson) and Claim 2 (Fourteenth Amendment procedural due process against Lt. Prieto). Compensatory damages of $1.00 awarded on each claim; punitive damages of $60,000 against Watson and $120,000 against Prieto.","NO","YES","180002",NA,"180000",NA,"09/18/2019","Compensatory damages awarded were $1.00 per claim (nominal). Total award: $1.00 (Watson compensatory) + $60,000 (Watson punitive) + $1.00 (Prieto compensatory) + $120,000 (Prieto punitive) = $180,002.00.","Question 5: Based on Instruction No. 14, what is the amount of punitive
damages for Defendant Sgt. Watson's violation of Plaintiff Mr. Mackey's First
Amendment rights?","$60,000.00",60000,0.46880177,TRUE,"10",NA,NA,NA,NA,NA,NA,NA,NA,NA,NA,NA,NA,NA,NA,NA
"1701341","individual","individual","Male","Mixed","1","2","plaintiff","Two claims decided: Claim 1 (First Amendment retaliation against Sgt. Watson) and Claim 2 (Fourteenth Amendment procedural due process against Lt. Prieto). Compensatory damages of $1.00 awarded on each claim; punitive damages of $60,000 against Watson and $120,000 against Prieto.","NO","YES","180002",NA,"180000",NA,"09/18/2019","Compensatory damages awarded were $1.00 per claim (nominal). Total award: $1.00 (Watson compensatory) + $60,000 (Watson punitive) + $1.00 (Prieto compensatory) + $120,000 (Prieto punitive) = $180,002.00.","Question 3: Based on Instruction No. 13, what is the total amount of
compensatory damages incurred by Plaintiff Mr. Mackey as a result of Defendant Sgt.
Watson's retaliation?","$ 1.00",1,0.386623,TRUE,"10",NA,NA,NA,NA,NA,NA,NA,NA,NA,NA,NA,NA,NA,NA,NA
"1701341","individual","individual","Male","Mixed","1","2","plaintiff","Two claims decided: Claim 1 (First Amendment retaliation against Sgt. Watson) and Claim 2 (Fourteenth Amendment procedural due process against Lt. Prieto). Compensatory damages of $1.00 awarded on each claim; punitive damages of $60,000 against Watson and $120,000 against Prieto.","NO","YES","180002",NA,"180000",NA,"09/18/2019","Compensatory damages awarded were $1.00 per claim (nominal). Total award: $1.00 (Watson compensatory) + $60,000 (Watson punitive) + $1.00 (Prieto compensatory) + $120,000 (Prieto punitive) = $180,002.00.","Question 10: Based on Instruction No. 14, what is the amount of punitive
damages for Defendant Lt. Prieto's violation of Plaintiff Mr. Mackey's procedural due
process rights?","$ 120,000.00",120000,0.55716777,TRUE,"10",NA,NA,NA,NA,NA,NA,NA,NA,NA,NA,NA,NA,NA,NA,NA
"1701341","individual","individual","Male","Mixed","1","2","plaintiff","Two claims decided: Claim 1 (First Amendment retaliation against Sgt. Watson) and Claim 2 (Fourteenth Amendment procedural due process against Lt. Prieto). Compensatory damages of $1.00 awarded on each claim; punitive damages of $60,000 against Watson and $120,000 against Prieto.","NO","YES","180002",NA,"180000",NA,"09/18/2019","Compensatory damages awarded were $1.00 per claim (nominal). Total award: $1.00 (Watson compensatory) + $60,000 (Watson punitive) + $1.00 (Prieto compensatory) + $120,000 (Prieto punitive) = $180,002.00.","Question 8: Based on Instruction No. 13, what is the total amount of
compensatory damages incurred by Plaintiff Mr. Mackey as a result of Defendant Lt.
Prieto's violation of Mr. Mackey's procedural due process rights?","$1.00",1,0.4543936,TRUE,"10",NA,NA,NA,NA,NA,NA,NA,NA,NA,NA,NA,NA,NA,NA,NA
"1702629","individual","corporation","Mixed",NA,"2","1","defendant","Jury answered No to Questions 2 and 3 (defendant did not fail to approve coverage; plaintiffs did not substantially perform), stopping deliberations per instructions. Questions 4-6 were left unanswered.","NO","NO","0",NA,"0",NA,"05/08/2019","The verdict form instructed the jury to stop and sign if any of Questions 1, 2, or 3 were answered No. Question 1 was answered Yes, but Questions 2 and 3 were both answered No, resulting in a defense verdict. Sections II and the dollar amount question (Q4) were not completed.",NA,NA,NA,NA,NA,NA,"05/06/2019","Magistrate Judge Kathleen M. Tafoya","8",NA,"1","3","3","98","Court reads statement of case to jurors; Counsel reads list of potential witnesses","3","1:55 p.m.","3:23 p.m.","Jury deliberations were interrupted: jury initially returned a verdict at 3:26 p.m. but was recalled at 3:39 p.m. to deliberate further on question #2 of the verdict form. A final verdict was reached and placed on record at 3:53 p.m. A juror made a statement on the record to the court and counsel. Two Rule 50 motions by defendant were denied: one on affirmative defense of failure to comply with contractual duties, and one partial directed verdict on breach of contract claim related to soft metals. Plaintiff withdrew Carol Propp as a rebuttal witness after a bench conference.",88,NA
"1703070","individual","corporation","Male",NA,"1","1","plaintiff","Plaintiff prevailed on harassment (Q2) under Section 1981 and harassment (Q9) under Title VII. Discrimination and retaliation claims under both statutes were found for defendant. Compensatory damages of $25,000 awarded under both Section 1981 and Title VII; back pay and punitive damages were not awarded under either claim.","YES","YES","25000","25000","0",NA,"04/19/2019","The jury found for plaintiff on harassment under Section 1981 (Q2=Yes) and harassment under Title VII (Q9=Yes), but found for defendant on discrimination and retaliation claims under both statutes. Back pay was denied under both Section 1981 (Q4=No) and Title VII (Q11=No). Punitive damages were denied under both Section 1981 (Q7=No) and Title VII (Q14=No). Compensatory damages of $25,000 were awarded under both Section 1981 (Q6) and Title VII (Q13); these appear duplicative and the total award is treated as $25,000. The verdict form was dated April 19, 2019 (day 19 inferred from filing date; handwritten date reads '19').","If your answer to Question 6 is ""yes"", in what amount?","$
$25,000.00",25000,0.68930644,TRUE,NA,"04/15/2019","Magistrate Judge Kristen L. Mix","8",NA,"0","2","2","30","Twelve jurors called to the jury box prior to voir dire beginning at 9:30 a.m.; Court's preliminary statements to the jury and jurors sworn for voir dire also occurred at the 9:30 a.m. timestamp before voir dire by the Court commenced.","5","12:01 p.m.","3:37 p.m.","Court ordered lunch to be provided to jurors during deliberations. Jury polled after verdict. Discussion held on contacting jurors post-trial. Total court time recorded as 2:39.",216,NA
"1703070","individual","corporation","Male",NA,"1","1","plaintiff","Plaintiff prevailed on harassment (Q2) under Section 1981 and harassment (Q9) under Title VII. Discrimination and retaliation claims under both statutes were found for defendant. Compensatory damages of $25,000 awarded under both Section 1981 and Title VII; back pay and punitive damages were not awarded under either claim.","YES","YES","25000","25000","0",NA,"04/19/2019","The jury found for plaintiff on harassment under Section 1981 (Q2=Yes) and harassment under Title VII (Q9=Yes), but found for defendant on discrimination and retaliation claims under both statutes. Back pay was denied under both Section 1981 (Q4=No) and Title VII (Q11=No). Punitive damages were denied under both Section 1981 (Q7=No) and Title VII (Q14=No). Compensatory damages of $25,000 were awarded under both Section 1981 (Q6) and Title VII (Q13); these appear duplicative and the total award is treated as $25,000. The verdict form was dated April 19, 2019 (day 19 inferred from filing date; handwritten date reads '19').","B.
DETERMINATION OF DAMAGES FOR PLAINTIFF'S CLAIMS UNDER SECTION","1981",1981,0.5250749,TRUE,NA,"04/15/2019","Magistrate Judge Kristen L. Mix","8",NA,"0","2","2","30","Twelve jurors called to the jury box prior to voir dire beginning at 9:30 a.m.; Court's preliminary statements to the jury and jurors sworn for voir dire also occurred at the 9:30 a.m. timestamp before voir dire by the Court commenced.","5","12:01 p.m.","3:37 p.m.","Court ordered lunch to be provided to jurors during deliberations. Jury polled after verdict. Discussion held on contacting jurors post-trial. Total court time recorded as 2:39.",216,NA
"1703070","individual","corporation","Male",NA,"1","1","plaintiff","Plaintiff prevailed on harassment (Q2) under Section 1981 and harassment (Q9) under Title VII. Discrimination and retaliation claims under both statutes were found for defendant. Compensatory damages of $25,000 awarded under both Section 1981 and Title VII; back pay and punitive damages were not awarded under either claim.","YES","YES","25000","25000","0",NA,"04/19/2019","The jury found for plaintiff on harassment under Section 1981 (Q2=Yes) and harassment under Title VII (Q9=Yes), but found for defendant on discrimination and retaliation claims under both statutes. Back pay was denied under both Section 1981 (Q4=No) and Title VII (Q11=No). Punitive damages were denied under both Section 1981 (Q7=No) and Title VII (Q14=No). Compensatory damages of $25,000 were awarded under both Section 1981 (Q6) and Title VII (Q13); these appear duplicative and the total award is treated as $25,000. The verdict form was dated April 19, 2019 (day 19 inferred from filing date; handwritten date reads '19').","If your answer to Question 5 is ""yes"", what amount should be used to reduce (or
offset) an amount of back pay damages awarded under Section 1981?","$
0.00",0,0.47957996,TRUE,NA,"04/15/2019","Magistrate Judge Kristen L. Mix","8",NA,"0","2","2","30","Twelve jurors called to the jury box prior to voir dire beginning at 9:30 a.m.; Court's preliminary statements to the jury and jurors sworn for voir dire also occurred at the 9:30 a.m. timestamp before voir dire by the Court commenced.","5","12:01 p.m.","3:37 p.m.","Court ordered lunch to be provided to jurors during deliberations. Jury polled after verdict. Discussion held on contacting jurors post-trial. Total court time recorded as 2:39.",216,NA
"1703070","individual","corporation","Male",NA,"1","1","plaintiff","Plaintiff prevailed on harassment (Q2) under Section 1981 and harassment (Q9) under Title VII. Discrimination and retaliation claims under both statutes were found for defendant. Compensatory damages of $25,000 awarded under both Section 1981 and Title VII; back pay and punitive damages were not awarded under either claim.","YES","YES","25000","25000","0",NA,"04/19/2019","The jury found for plaintiff on harassment under Section 1981 (Q2=Yes) and harassment under Title VII (Q9=Yes), but found for defendant on discrimination and retaliation claims under both statutes. Back pay was denied under both Section 1981 (Q4=No) and Title VII (Q11=No). Punitive damages were denied under both Section 1981 (Q7=No) and Title VII (Q14=No). Compensatory damages of $25,000 were awarded under both Section 1981 (Q6) and Title VII (Q13); these appear duplicative and the total award is treated as $25,000. The verdict form was dated April 19, 2019 (day 19 inferred from filing date; handwritten date reads '19').","If your answer to Question 13 is ""yes"", in what amount?","$
25,000.00",25000,0.7169895,TRUE,NA,"04/15/2019","Magistrate Judge Kristen L. Mix","8",NA,"0","2","2","30","Twelve jurors called to the jury box prior to voir dire beginning at 9:30 a.m.; Court's preliminary statements to the jury and jurors sworn for voir dire also occurred at the 9:30 a.m. timestamp before voir dire by the Court commenced.","5","12:01 p.m.","3:37 p.m.","Court ordered lunch to be provided to jurors during deliberations. Jury polled after verdict. Discussion held on contacting jurors post-trial. Total court time recorded as 2:39.",216,NA
"1703070","individual","corporation","Male",NA,"1","1","plaintiff","Plaintiff prevailed on harassment (Q2) under Section 1981 and harassment (Q9) under Title VII. Discrimination and retaliation claims under both statutes were found for defendant. Compensatory damages of $25,000 awarded under both Section 1981 and Title VII; back pay and punitive damages were not awarded under either claim.","YES","YES","25000","25000","0",NA,"04/19/2019","The jury found for plaintiff on harassment under Section 1981 (Q2=Yes) and harassment under Title VII (Q9=Yes), but found for defendant on discrimination and retaliation claims under both statutes. Back pay was denied under both Section 1981 (Q4=No) and Title VII (Q11=No). Punitive damages were denied under both Section 1981 (Q7=No) and Title VII (Q14=No). Compensatory damages of $25,000 were awarded under both Section 1981 (Q6) and Title VII (Q13); these appear duplicative and the total award is treated as $25,000. The verdict form was dated April 19, 2019 (day 19 inferred from filing date; handwritten date reads '19').","If your answer to Question 12 is ""yes"", what amount should be used to reduce (or
offset) an amount of back pay damages awarded under Title VII?","0.00
$",0,0.6309884,TRUE,NA,"04/15/2019","Magistrate Judge Kristen L. Mix","8",NA,"0","2","2","30","Twelve jurors called to the jury box prior to voir dire beginning at 9:30 a.m.; Court's preliminary statements to the jury and jurors sworn for voir dire also occurred at the 9:30 a.m. timestamp before voir dire by the Court commenced.","5","12:01 p.m.","3:37 p.m.","Court ordered lunch to be provided to jurors during deliberations. Jury polled after verdict. Discussion held on contacting jurors post-trial. Total court time recorded as 2:39.",216,NA
"1800997","university, corporation","corporation",NA,NA,"2","1","plaintiff","Patent infringement case; jury found claim 30 of the '270 patent not invalid and awarded damages for infringement by Sandoz","NO","NO","39000000",NA,"0",NA,"03/31/2023","This is a patent infringement case. The jury found that Sandoz did not prove invalidity of claim 30 of the '270 patent by clear and convincing evidence on any of the three grounds (obviousness, lack of written description, lack of enablement). The jury awarded $39,000,000 in damages.",NA,NA,NA,NA,NA,NA,"03/27/2023","Judge Raymond P. Moore","8",NA,"7","3","3","161","Jury panel sworn on voir dire at 9:32 a.m. (2 minutes after session resumed at 9:30 a.m.); peremptory challenges exercised at 12:22 p.m. before jurors sworn at approximately 12:29 p.m.","5","11:18 a.m.","2:53 p.m.","Jury submitted a question during deliberations at some point before 2:44 p.m. Court polled the jury after verdict was read. Jury discharged at 3:00 p.m. Court ordered: (1) post-trial motions per FRCP; (2) Plaintiffs to submit proposed Final Judgment within 10 days showing damages division, with Defendant objections due 7 days thereafter; (3) both sides to file status report within 30 days regarding bifurcated counterclaim. Total in-court time: 2:54.",215,NA
"1801665","individual","corporation","Male",NA,"1","1","defendant","All three claims decided in favor of defendant: breach of contract (Q1: No), bad faith breach (Q3: No), and unreasonable delay or denial (Q5: No). Damage questions were not answered.","YES","NO","0","0","0",NA,"07/01/2022","Verdict form included questions for economic damages, noneconomic damages, physical impairment or disfigurement damages, nominal damages, bad faith damages, and unreasonable delay/denial damages, but none were answered because all liability questions were answered No.",NA,NA,NA,NA,NA,"8","06/27/2022","Judge Raymond P. Moore","8",NA,"6","3","3","91","Prior to voir dire by the Court, all jurors were sworn for voir dire, attorneys and parties were introduced, the Court gave a statement of the case to jurors, and the Court advised the jury panel regarding its jury selection practice. Two jurors (100425473, 100432266) were excused for cause before voir dire by the Court began.","5","11:05 a.m.","2:13 p.m.","Verdict found in favor of defendant on all claims. Court in session at 2:13 p.m. is when parties were advised jury reached a verdict; jury entered at 2:15 p.m. for verdict reading. Total in-court time recorded as 2:23. All original exhibits returned to counsel at conclusion.",188,NA
"1802076","individual","county","Female","Male","1","1","plaintiff",NA,"YES","YES","8250000",NA,"5000000",NA,"10/04/2022","Plaintiff is Hollis Ann Whitson as guardian ad litem for Peatinna Biggs. Defendant Thomas Hanna is a Former Sheriff sued in both official and individual capacities. Compensatory damages awarded: $3,250,000; punitive damages awarded: $5,000,000. The verdict form does not separately itemize economic vs. non-economic compensatory damages.","b) State the amount of compensatory","(",NA,0.34333873,TRUE,"7","10/03/2022","Judge Daniel D. Domenico","7",NA,"5","3","3","58","Voir dire oath given at 9:40 a.m., one minute before voir dire by Court commenced at 9:41 a.m. A recess from 10:57 a.m. to 11:10 a.m. (13 minutes) occurred within the voir dire window; jury was sworn at 11:52 a.m. after plaintiff and defendant voir dire and peremptory challenges were completed following the 11:10 a.m. resumption.","2","3:38 p.m.","4:55 p.m.","Minutes note 'TRIAL CONTINUED' at end despite verdict being reached and jury discharged, which may indicate a continuation for post-trial matters. Defendant's oral motion to strike Larry Neugebauer's testimony was initially taken under advisement, then denied. Nominal damages discussion occurred before jury was seated.",77,NA
"1901749","corporation","corporation",NA,NA,"1","1","plaintiff","Plaintiff prevailed on breach of contract and breach of implied duty of good faith and fair dealing. Defendant's counterclaims for misappropriation of trade secrets, intentional interference with contractual obligations, and interference with prospective business advantage were all denied. Defendant's unjust enrichment counterclaim was found in favor of defendant but damages amount appears nominal (illegible). Net outcome favors plaintiff.","NO","YES","1037700",NA,"0",NA,"03/22/2022","Q3 breach of contract damages: $1,027,500. Q5 implied duty of good faith damages: $10,200 (OCR reads $10,200 but handwriting shows $10,200 — interpreted as $10,200). Total plaintiff award combined: $1,037,700. Q17 National Tax unjust enrichment damages appears to show a nominal or illegible amount (possibly $1); treated as negligible and not subtracted as it cannot be clearly determined. Punitive/exemplary damages question (Q11) was not reached as Q8 (misappropriation) was answered No.","3. What were Titan's damages caused by National Tax's breach of contract?","$ 1,027,500",1027500,0.612289,TRUE,"8","03/14/2022","Judge Regina M. Rodriguez","8",NA,"1","3","3","74","Recess from 10:50 a.m. to 11:14 a.m. (24 minutes) occurred within the voir dire window and was subtracted. Voir dire start: 9:54 a.m.; end: 11:18 a.m. (84 minutes total minus 24 minutes recess = 60 minutes net). Note: bench conference from 9:57 to 9:59 a.m. occurred during voir dire for hardship excusal of juror 100461433.","7",NA,"3:56 p.m.","Deliberation start time not recorded in this document; jury questions three and four were received by the court at the start of the session (8:56 a.m.), suggesting deliberations began on a prior day. Court discussed unjust enrichment claim and Defendant's Rule 50 motion after verdict. Parties ordered to meet and confer and submit proposed judgment within 15 business days. Total in-court time was only 13 minutes.",NA,"one or more days had unresolvable times — verify manually"
"2000076","individual","corporation","Female",NA,"1","1","defendant","Jury found for defendant on all claims: Title VII sex discrimination (Q1: No), Title VII race discrimination (Q2: No), and Section 1981 race discrimination (Q8: No). Sections II and IV were skipped per instructions.","YES","YES","0","0","0",NA,"09/30/2021","All liability questions answered No. Damages sections (II and IV) were not reached per the form's instructions. The form included questions for economic damages, future damages, non-economic damages, and punitive damages under both Title VII and Section 1981, but none were answered as the jury found for the defendant on all claims.",NA,NA,NA,NA,NA,"7","09/27/2021","Judge R. Brooke Jackson","7","21",NA,"3","3","46",NA,"4",NA,"2:03 p.m.","Deliberation start time is ambiguous: the bailiff was sworn and jury sent to deliberate after the rebuttal closing argument at approximately 12:04 p.m., with court recessing at 12:30 p.m., but no explicit timestamp is given for the moment deliberations formally began. The rebuttal witness (Phyllis Berti) was a plaintiff rebuttal witness called after the defense rested. Verdict found in favor of the defendant.",NA,"one or more days had unresolvable times — verify manually"
"2000627","individual","school, individual","Female","Mixed","1","2","defendant","Verdict for both defendants on all claims: Q1 answered No (verdict for Dehn on First Amendment retaliation); Q5 answered No (verdict for Pueblo School District No. 60 on breach of contract). Damage questions were not reached.","YES","NO","0","0","0",NA,"03/16/2023","Two separate claims: (I) First Amendment retaliation against Jonathan Dehn individually, and (II) Breach of contract against Pueblo School District No. 60. Both resolved in favor of defendants. Q4 (contract existence) was answered Yes, but Q5 (failure to follow provision) was answered No, resulting in a defense verdict on the breach of contract claim.",NA,NA,NA,NA,NA,"8","03/13/2023","Judge Nina Y. Wang","8",NA,"4","3","3","91","Bench conference on Plaintiff's for cause challenges to Jurors 100429793 and 100463332 (10:51-10:55 a.m.) occurred within the voir dire window; recess from 10:55 a.m. to 11:12 a.m. (17 minutes) subtracted; bench conference on excusing those jurors for cause (11:12-11:14 a.m.) occurred within the voir dire window","4","10:59 a.m.","1:36 p.m.","Jury deliberations began at 10:59 a.m. and the court resumed session at 1:36 p.m., with jury present at 1:39 p.m. to deliver verdict. Verdict entered in favor of Defendants. Parties waived jury polling. Total time in court was 2:05. Exhibits and depositions returned to counsel.",157,NA
"2001194","corporation","corporation",NA,NA,"1","1","plaintiff",NA,"NO","YES","3880000",NA,"1500000",NA,"05/05/2023","Question 1(c) general damages: $700,000. Question 2(b) unreasonable denial of benefits: $1,400,000 (written over $700,000, final amount appears to be $1,400,000). Question 3(b) bad faith damages: $745,000 (written over $880,000, final amount appears to be $745,000). Question 3(d) punitive damages: $1,500,000. Question 4 total compensatory damages: $2,380,000. Grand total including punitive: $3,880,000. The OCR shows conflicting values on Q2(b) and Q3(b); the lower struck-through figures appear to be corrections.",NA,NA,NA,NA,NA,"9","05/01/2023","Judge Daniel D. Domenico","9",NA,"5","3","3","93",NA,"5","3:45 p.m.","6:19 p.m.","During deliberations, the jury submitted a question to the court. The court proposed a response at 4:59 p.m., Plaintiff objected; further discussion at 5:14 p.m., Plaintiff's objection overruled. Plaintiff's oral motion for directed verdict and Defendant's renewed oral motion for judgment as a matter of law were both taken under advisement. Exhibits and depositions were returned to counsel at the conclusion of trial. Total trial time recorded as 4:58.",154,NA
"2101408","individual","corporation","Female",NA,"1","1","plaintiff","Jury found breach of contract; defendant entitled to setoff of $7,172.64 against plaintiff's damages of $35,410.29, resulting in net award of $28,237.65","NO","NO","28237.65",NA,"0",NA,"09/25/2024","Breach of contract insurance dispute. Jury awarded plaintiff $35,410.29 in damages (Q3) but found defendant entitled to setoff of $7,172.64 (Q5), yielding a net award of $28,237.65.",NA,NA,NA,NA,NA,"9","09/23/2024","Judge Daniel D. Domenico","9",NA,"2","3","3","56","Recess from 10:39 a.m. to 11:19 a.m. (40 minutes) occurred during voir dire window; court in recess from 11:24 a.m. to 11:33 a.m. (9 minutes) for peremptory challenge deliberations before jury sworn at 11:36 a.m.","3","11:57 a.m.","4:03 p.m.","Jury sent a question during deliberations at 3:05 p.m.; court responded with no objection from counsel. Total trial time recorded as 1:50. Exhibits and depositions returned to counsel at conclusion of trial. Plaintiff's counsel ordered to submit form of final judgment by September 27, 2024.",246,NA
"2101748","individual","corporation","Male",NA,"1","1","plaintiff",NA,"YES","NO","413333.63","337112","0",NA,"06/29/2023","Section I awarded $76,221.63 for unreasonable delay of payment of benefits. Section II awarded $337,112.00 for noneconomic losses from bad faith breach of insurance contract. Total combined award is $413,333.63. The $337,112 figure on the form appears handwritten as '337,112.00' though OCR read it as '337,112000'; document review confirms $337,112.00.",NA,NA,NA,NA,NA,"8","06/26/2023","Judge Gordon P. Gallagher","9",NA,"8","3","3","87",NA,"4","1:49 p.m.","4:39 p.m.","The minutes record '12:22 a.m.' and '12:23 a.m.' which appear to be typographical errors for 12:22 p.m. and 12:23 p.m. based on the chronological context. Raul Sanchez is listed as present in the courtroom but does not appear as counsel of record for either party. Jury lunch provision ordered starting June 29, 2023 (two days after this trial day). Verdict was read at 4:39 p.m. and jury discharged at 4:46 p.m.",170,NA
"2102444","individual","corporation","Male",NA,"1","1","defendant","Jury found no breach of contract (Q1: No) and no unreasonable delay or denial of benefits (Q4: No); defendant prevailed on all counts","YES","NO","0","0","0",NA,"09/14/2023","Questions 2, 3a, 3b, 5, and 6 were left blank because the jury answered No to Q1 and Q4, following the conditional instructions on the form. The case involved an insurance dispute (UIM/UM coverage) arising from a motor vehicle accident.",NA,NA,NA,NA,NA,"9","09/11/2023","Judge Charlotte N. Sweeney","9","29","3","3","3","144","Court's preliminary remarks to jurors occurred between the 8:39 a.m. session start (when jurors were brought in, attorneys introduced, case stated, jurors called to box and sworn) and the 8:51 a.m. start of voir dire by the Court. A recess from 10:42 a.m. to 10:55 a.m. (13 minutes) occurred within the voir dire window and is subtracted. Voir dire ended at 11:22 a.m. when nine jurors were sworn.","4",NA,"10:41","Deliberation start time not recorded in this document; likely in prior day's minutes. Session lasted only 8 minutes. Verdict in favor of defendant. Plaintiff's Oral Motion for Judgment notwithstanding the verdict was denied.",NA,"one or more days had unresolvable times — verify manually"
"501917","corporation","corporation",NA,NA,"1","1","plaintiff","Jury awarded breach of contract damages of $150,660.21 and copyright infringement profits of $243,750.00. Court separately ordered DMCA statutory damages of $2,500 per violation x 47 violations = $117,500.00. Monetary_award reflects jury verdict amounts only (breach of contract + copyright infringement profits). Entry of judgment withheld pending briefs on prejudgment interest and attorney fees.","NO","NO","394410.21","0","0",NA,"12/14/2007","Jury awarded $150,660.21 for breach of license agreements and $243,750.00 for defendant's profits from copyright infringement (plaintiff's own losses from infringement were $0). Jury also found 47 DMCA violations; court ordered statutory damages of $2,500 per violation totaling $117,500.00 post-verdict. Total monetary_award of $394,410.21 reflects only the jury verdict amounts ($150,660.21 + $243,750.00); DMCA statutory damages were set by the court, not the jury.",NA,NA,NA,NA,NA,NA,"12/03/2007","Senior District Judge Richard P. Matsch","12",NA,"2","3","3",NA,"No explicit timestamps marking the start or end of voir dire are provided; jurors arrived at 8:36 a.m. and the bench conference regarding passing jurors for cause occurred at 11:34 a.m., but no timestamp is given for when jurors were selected or when voir dire concluded.","10",NA,"2:04 p.m.","Deliberations resumed at 9:00 a.m. (not started, as this is day ten). The jury sent a written question regarding DMCA; court re-instructed jurors over defendant's objection (overruled). Verdict reached same day. Verdict included: (1) $150,660.21 for breach of license agreements; (2) $0 for plaintiff's losses from copyright infringement, but $243,750.00 in defendant's profits from Nomad product; (3) 47 DMCA violations for removal of Copyright Management Information.",NA,"one or more days had unresolvable times — verify manually"
"601016","individual","individual","Male","Male","1","1","defendant","Jury answered NO to Question 1 (Due Process - excessive force), resulting in a verdict for the defendant. Certification B (defendant verdict) was signed and dated November 6, 2007.","YES","YES","0","0","0",NA,"11/06/2007","The jury found for the defendant by answering NO to the due process excessive force question (Question 1, Section I). The damages and punitive damages sections were not reached. Certification B (verdict for defendant) was signed with jurors' names redacted.",NA,NA,NA,NA,NA,"12","11/05/2007","Chief Judge Edward W. Nottingham","12","18","1","3","3","66","Plaintiff Lomax introduces himself (9:29 a.m.); Mr. Bigler introduces Defendant Penson and lists witnesses (9:30 a.m.) occurred between the start of voir dire and continued voir dire at 9:31 a.m.","2","10:38 a.m.","12:12 p.m.","Jury verdict was in favor of the defendant and against the plaintiff; case dismissed with prejudice. Total time in court was 1 hour 27 minutes. Court security officer was sworn at 10:37 a.m. Discussion regarding revision of verdict form occurred during deliberations.",94,NA
"601142","individual","city","Female",NA,"1","1","defendant","All questions answered in favor of defendant; Questions 7 and 8 (damages) were not reached because all liability questions were answered NO","YES","NO","0","0","0",NA,"04/21/2010","Jury found for defendant on all six liability questions: sex discrimination (Title VII), retaliation (Title VII), age discrimination (ADEA), willfulness of ADEA violation (Q4 skipped per instructions since Q3 was NO), civil rights discrimination, and Due Process violation. Damage questions (Q7 and Q8) were left blank as no liability was found.",NA,NA,NA,NA,NA,"6","04/12/2010","Senior Judge Walker D. Miller","8",NA,NA,"3","3","76",NA,"7","12:42 p.m.","4:41 p.m.","Defendant's Oral Motion for Judgment as a Matter of Law Under Rule 50 was partially granted (consumer credit reporting act claim dismissed as a matter of law) and partially taken under advisement. Rebuttal witness Justin Spaulding testified. Jury submitted a question (Court Exhibit 1) during deliberations; counsel stipulated to an answer. Verdict was read at 4:45 p.m. and accepted at 4:46 p.m. Total time in court: 4 hours, 18 minutes.",239,NA
"701355","federal government, corporation","corporation",NA,NA,"2","3","plaintiff","Jury Verdict Form No. 1 found in favor of plaintiffs Sun and/or F&D against JV and Travelers. Jury Verdict Form No. 2 found against JV on its counterclaims against Sun and F&D.","NO","NO","4143416",NA,"0",NA,"11/22/2010","Total damages awarded to Sun and/or F&D: $4,143,416.00. Of that amount, $1,300,000.00 is allocated to F&D pursuant to its assignment/subrogation claim. JV's counterclaims against Sun and F&D were rejected (NO on Question 1 of Form No. 2). Questions 2, 3, and 4 on Form No. 2 were left blank as a result.","2.
If your answer to Question No. 1 is YES, then enter the total amount of Sun and/or F&D's
damages, in an amount of not less than $1.00.","$ 4,143,416.00",4143416,0.66391695,TRUE,"8","11/01/2010","Judge Lewis T. Babcock","9",NA,"1","3","3","52","Jury panel sworn for voir dire at 09:35 before voir dire commenced at 09:45","15","09:03","01:50","Deliberations were already underway from a prior day; at 09:00 the jury resumed deliberations and recessed at 09:03. At 10:46 court reconvened without jury to address a jury question ('What was the total cost of the entire project that NIST paid to JV?'); counsel agreed on a written response directing jury to rely on their recollection. Verdict returned at 01:54 (jury present). Jury verdict form No. 1: Sun/F&D claims against JV and Travelers — YES, damages $4,143,416.00, with $1,300,000.00 allocated to F&D via assignment/subrogation. Jury verdict form No. 2: JV claims against Sun — NO. Jury polled, all answered affirmatively. Judgment ordered on verdict. Sun/F&D given 30 days to file motion for attorneys' fees, costs, and interest; JV given 30 days to file motion for judgment notwithstanding the verdict. Prevailing parties stipulated to prejudgment interest date of October 11, 2008; JV disputed that prejudgment interest should attach.",NA,"one or more days had unresolvable times — verify manually"
"701355","federal government, corporation","corporation",NA,NA,"2","3","plaintiff","Jury Verdict Form No. 1 found in favor of plaintiffs Sun and/or F&D against JV and Travelers. Jury Verdict Form No. 2 found against JV on its counterclaims against Sun and F&D.","NO","NO","4143416",NA,"0",NA,"11/22/2010","Total damages awarded to Sun and/or F&D: $4,143,416.00. Of that amount, $1,300,000.00 is allocated to F&D pursuant to its assignment/subrogation claim. JV's counterclaims against Sun and F&D were rejected (NO on Question 1 of Form No. 2). Questions 2, 3, and 4 on Form No. 2 were left blank as a result.","2.
If your answer to Question No. 1 is YES, then enter the total amount of Sun and/or F&D's
damages, in an amount of not less than $1.00.","$ 4,143,416.00",4143416,0.66391695,TRUE,"8",NA,"Judge Lewis T. Babcock",NA,NA,NA,NA,NA,NA,NA,"15","09:03","01:50","Deliberations were already underway from a prior day; at 09:00 the jury resumed deliberations and recessed at 09:03. At 10:46 court reconvened without jury to address a jury question ('What was the total cost of the entire project that NIST paid to JV?'); counsel agreed on a written response directing jury to rely on their recollection. Verdict returned at 01:54 (jury present). Jury verdict form No. 1: Sun/F&D claims against JV and Travelers — YES, damages $4,143,416.00, with $1,300,000.00 allocated to F&D via assignment/subrogation. Jury verdict form No. 2: JV claims against Sun — NO. Jury polled, all answered affirmatively. Judgment ordered on verdict. Sun/F&D given 30 days to file motion for attorneys' fees, costs, and interest; JV given 30 days to file motion for judgment notwithstanding the verdict. Prevailing parties stipulated to prejudgment interest date of October 11, 2008; JV disputed that prejudgment interest should attach.",NA,"one or more days had unresolvable times — verify manually"
"701355","federal government, corporation","corporation",NA,NA,"2","3","plaintiff","Jury Verdict Form No. 1 found in favor of plaintiffs Sun and/or F&D against JV and Travelers. Jury Verdict Form No. 2 found against JV on its counterclaims against Sun and F&D.","NO","NO","4143416",NA,"0",NA,"11/22/2010","Total damages awarded to Sun and/or F&D: $4,143,416.00. Of that amount, $1,300,000.00 is allocated to F&D pursuant to its assignment/subrogation claim. JV's counterclaims against Sun and F&D were rejected (NO on Question 1 of Form No. 2). Questions 2, 3, and 4 on Form No. 2 were left blank as a result.","3.
Enter the portion of the total amount set forth in Paragraph 2 above to which F&D is entitled
pursuant to its assignment/subrogation claim.","$1,300,000.00",1300000,0.6369972,TRUE,"8","11/01/2010","Judge Lewis T. Babcock","9",NA,"1","3","3","52","Jury panel sworn for voir dire at 09:35 before voir dire commenced at 09:45","15","09:03","01:50","Deliberations were already underway from a prior day; at 09:00 the jury resumed deliberations and recessed at 09:03. At 10:46 court reconvened without jury to address a jury question ('What was the total cost of the entire project that NIST paid to JV?'); counsel agreed on a written response directing jury to rely on their recollection. Verdict returned at 01:54 (jury present). Jury verdict form No. 1: Sun/F&D claims against JV and Travelers — YES, damages $4,143,416.00, with $1,300,000.00 allocated to F&D via assignment/subrogation. Jury verdict form No. 2: JV claims against Sun — NO. Jury polled, all answered affirmatively. Judgment ordered on verdict. Sun/F&D given 30 days to file motion for attorneys' fees, costs, and interest; JV given 30 days to file motion for judgment notwithstanding the verdict. Prevailing parties stipulated to prejudgment interest date of October 11, 2008; JV disputed that prejudgment interest should attach.",NA,"one or more days had unresolvable times — verify manually"
"701355","federal government, corporation","corporation",NA,NA,"2","3","plaintiff","Jury Verdict Form No. 1 found in favor of plaintiffs Sun and/or F&D against JV and Travelers. Jury Verdict Form No. 2 found against JV on its counterclaims against Sun and F&D.","NO","NO","4143416",NA,"0",NA,"11/22/2010","Total damages awarded to Sun and/or F&D: $4,143,416.00. Of that amount, $1,300,000.00 is allocated to F&D pursuant to its assignment/subrogation claim. JV's counterclaims against Sun and F&D were rejected (NO on Question 1 of Form No. 2). Questions 2, 3, and 4 on Form No. 2 were left blank as a result.","3.
Enter the portion of the total amount set forth in Paragraph 2 above to which F&D is entitled
pursuant to its assignment/subrogation claim.","$1,300,000.00",1300000,0.6369972,TRUE,"8",NA,"Judge Lewis T. Babcock",NA,NA,NA,NA,NA,NA,NA,"15","09:03","01:50","Deliberations were already underway from a prior day; at 09:00 the jury resumed deliberations and recessed at 09:03. At 10:46 court reconvened without jury to address a jury question ('What was the total cost of the entire project that NIST paid to JV?'); counsel agreed on a written response directing jury to rely on their recollection. Verdict returned at 01:54 (jury present). Jury verdict form No. 1: Sun/F&D claims against JV and Travelers — YES, damages $4,143,416.00, with $1,300,000.00 allocated to F&D via assignment/subrogation. Jury verdict form No. 2: JV claims against Sun — NO. Jury polled, all answered affirmatively. Judgment ordered on verdict. Sun/F&D given 30 days to file motion for attorneys' fees, costs, and interest; JV given 30 days to file motion for judgment notwithstanding the verdict. Prevailing parties stipulated to prejudgment interest date of October 11, 2008; JV disputed that prejudgment interest should attach.",NA,"one or more days had unresolvable times — verify manually"
"800495","individual","individual","Male","Male","1","1","defendant","Jury answered NO to Question 1 (Due Process - excessive force), resulting in a verdict for the defendant. Certification B (defendant verdict) was signed and dated November 6, 2007.","YES","YES","0","0","0",NA,"11/06/2007","The jury found against the plaintiff on the threshold liability question (Question 1 - Due Process/excessive taser use), checking NO. Certification B (verdict for Defendant) was signed. Damages questions were not reached. The compensatory damages question did not specify economic vs. non-economic breakdown, but the form asked generally about injuries caused by unlawful conduct, which could encompass non-economic damages.",NA,NA,NA,NA,NA,"9","04/12/2010","Judge Philip A. Brimmer","9",NA,NA,"3","3","39","Court introduces itself and staff; counsel introduces themselves and reads their lists of witnesses (between 8:50 a.m. session start and 8:55 a.m. voir dire begin). Recess from 10:25 a.m. to 10:41 a.m. (16 minutes) subtracted; peremptory challenges recorded after 10:41 a.m. court session before jurors sworn at 10:50 a.m.","6",NA,"10:27 a.m.","Deliberations were already underway at 9:00 a.m. when the record begins, indicating they started on a prior day. The court received the jury's note indicating a verdict at 9:57 a.m. Jurors were briefly sent back at 10:36 a.m. to complete verdict forms before returning at 10:40 a.m. for publication of the verdict. Post-trial orders included simultaneous briefs on injunction and declaratory claims within 30 days, and motions for additional time for post-trial motions, fees/costs, and dismissal of claims against Charles Sweeney.",NA,"one or more days had unresolvable times — verify manually"
"800495","corporation","corporation, individual",NA,"Male","1","2","plaintiff","Plaintiff RSI found 25% liable for conversion claim; defendant Vincent Hamm found 50% liable, Edward Sweeney 25% liable for conversion. For breach of fiduciary duty claim, Vincent Hamm found 100% liable. Total actual damages award against Vincent Hamm is $265,138.","NO","NO","265138",NA,"0","25","04/20/2010","This is Special Verdict Form A covering RSI's claims only. Conversion claim: $212,685 actual damages against Vincent Hamm (Q3); $0 against Aim High (Q6). Breach of fiduciary duty claim: $52,453 actual damages against Vincent Hamm (Q9). Combined award against Vincent Hamm: $265,138. No damages awarded against Aim High! Inc. or 1 Domain Source Ltd. For conversion fault allocation: Vincent Hamm 50%, RSI 25%, Edward Sweeney 25%, Aim High 0%, 1 Domain Source 0%, Kim Keeling-Hamm 0%. For breach of fiduciary duty fault allocation: Vincent Hamm 100%. Unjust enrichment claim against 1 Domain Source failed.","Award of actual damages to RSI:","$ 265,138 against Vincent Hamm",NA,0.45760235,TRUE,"9","04/12/2010","Judge Philip A. Brimmer","9",NA,NA,"3","3","39","Court introduces itself and staff; counsel introduces themselves and reads their lists of witnesses (between 8:50 a.m. session start and 8:55 a.m. voir dire begin). Recess from 10:25 a.m. to 10:41 a.m. (16 minutes) subtracted; peremptory challenges recorded after 10:41 a.m. court session before jurors sworn at 10:50 a.m.","6",NA,"10:27 a.m.","Deliberations were already underway at 9:00 a.m. when the record begins, indicating they started on a prior day. The court received the jury's note indicating a verdict at 9:57 a.m. Jurors were briefly sent back at 10:36 a.m. to complete verdict forms before returning at 10:40 a.m. for publication of the verdict. Post-trial orders included simultaneous briefs on injunction and declaratory claims within 30 days, and motions for additional time for post-trial motions, fees/costs, and dismissal of claims against Charles Sweeney.",NA,"one or more days had unresolvable times — verify manually"
"800495","corporation","corporation, individual",NA,"Male","1","2","plaintiff","This is Special Verdict Form B covering counterclaims and third party claims by Vincent Hamm and Aim High Inc. against RSI, Edward Sweeney, and Capital Networks PTY Ltd. Jury found for Hamm/Aim High on conversion against Sweeney ($3,500) and breach of contract against RSI ($44,315). Total award: $47,815.","NO","NO","47815",NA,"0",NA,"04/20/2010","This verdict form covers counterclaims/third party claims only (Form B). Counterclaimants/Third Party Plaintiffs are Vincent Hamm and Aim High Inc. (individuals/corporation acting as counter-plaintiffs). Jury awarded $3,500 against Edward Sweeney (conversion) and $44,315 against Registry Systems International Ltd. (breach of contract). $0 against Capital Networks PTY Ltd. Fraud, promissory estoppel, and unjust enrichment claims all failed. Answer No. 18 for promissory estoppel damages appears crossed out and corrected to $0.",NA,NA,NA,NA,NA,"9","04/12/2010","Judge Philip A. Brimmer","9",NA,NA,"3","3","39","Court introduces itself and staff; counsel introduces themselves and reads their lists of witnesses (between 8:50 a.m. session start and 8:55 a.m. voir dire begin). Recess from 10:25 a.m. to 10:41 a.m. (16 minutes) subtracted; peremptory challenges recorded after 10:41 a.m. court session before jurors sworn at 10:50 a.m.","6",NA,"10:27 a.m.","Deliberations were already underway at 9:00 a.m. when the record begins, indicating they started on a prior day. The court received the jury's note indicating a verdict at 9:57 a.m. Jurors were briefly sent back at 10:36 a.m. to complete verdict forms before returning at 10:40 a.m. for publication of the verdict. Post-trial orders included simultaneous briefs on injunction and declaratory claims within 30 days, and motions for additional time for post-trial motions, fees/costs, and dismissal of claims against Charles Sweeney.",NA,"one or more days had unresolvable times — verify manually"
"800996","individual","individual","Mixed","Male","2","1","defendant","Jury found defendant not negligent on Question 1; remaining questions not answered","YES","NO","0","0","0",NA,"03/18/2010","Jury answered No to Question 1 (negligence), so all subsequent questions regarding causation, damages, and comparative fault were left unanswered per instructions on the form.",NA,NA,NA,NA,NA,"10","03/15/2010","Senior District Judge Richard P. Matsch","12",NA,"3","3","3","95","Recess from 10:42 a.m. to 11:07 a.m. occurred after jurors were selected but before jurors were sworn; court instructed jurors and excused them between selection and recess","4","9:41 a.m.","12:28 p.m.","Deliberation start time is inferred from the court recess at 9:41 a.m., immediately after jurors were excused to begin deliberations. The verdict was for the defendant. Total session time recorded as 51 minutes. Redacted verdict attached; exhibits and depositions returned to counsel.",167,NA
"900908","individual","corporation","Female",NA,"1","1","defendant","Jury answered No to all three threshold questions (hostile work environment, supervisor creation, damages), ending deliberations before reaching remaining questions","YES","YES","0","0","0",NA,"10/06/2011","Questions 4 through 7(c) were left blank because the jury answered No to questions 1, 2, and 3, triggering the instruction that no further answers were required.",".
That the Plaintiff suffered damages as a proximate or legal result of such hostile","Answer: Yes or No No",NA,0.5057862,TRUE,"10","10/03/2011","Chief Judge Wiley Y. Daniel","10",NA,"3","3","3","175","Voir dire oath given at 10:02 a.m. before voir dire by Court commenced at 10:12 a.m.; recess from 11:43 a.m. to 12:02 p.m. (19 minutes) subtracted from total","4",NA,"10:30 a.m.","Deliberations resumed at 9:00 a.m. (not started fresh — jury arrived to resume deliberations from a prior day). Verdict reached and announced at 10:33 a.m. Jury polled at 10:35 a.m. and discharged at 10:37 a.m. Exhibits returned to counsel at conclusion of trial. Total court session time recorded as 7 minutes.",NA,"one or more days had unresolvable times — verify manually"
"902413","corporation","city, individual",NA,"Male","1","2","defendant","Jury found no breach of contract; Question 2 (damages) was not answered per instructions","NO","NO","0","0","0",NA,"08/21/2012","Verdict form answered No to breach of contract (Question 1), so damages question was skipped per instructions. Defendant Carl S. McGuire II named in his official capacity only. Verdict date inferred from handwritten '21' day of August 2012 on certification page.",NA,NA,NA,NA,NA,"10","08/20/2012","Chief Judge Wiley Y. Daniel","10",NA,NA,"3","3","97","Voir dire oath given at 10:19 a.m. before voir dire by Court commenced at 10:29 a.m.","7","9:00 a.m.","3:53 p.m.","Jury sent a note during deliberations at 11:37 a.m.; court responded at 11:41 a.m. and jury resumed deliberations at 11:43 a.m. Jury was not polled after verdict was read. Exhibits returned to counsel at conclusion of trial. Total court session time recorded as 17 minutes.",413,NA
"902413","corporation","city, individual",NA,"Male","1","2","defendant","All four liability questions answered No; damages section not reached","NO","YES","0",NA,"0",NA,"08/29/2012","Jury found for defendants on all counts — procedural due process (Q1, Q2) and substantive due process (Q3, Q4) under 42 U.S.C. § 1983 / 14th Amendment. Damages section was not completed because all liability questions were answered No.",NA,NA,NA,NA,NA,"10","08/20/2012","Chief Judge Wiley Y. Daniel","10",NA,NA,"3","3","97","Voir dire oath given at 10:19 a.m. before voir dire by Court commenced at 10:29 a.m.","7","9:00 a.m.","3:53 p.m.","Jury sent a note during deliberations at 11:37 a.m.; court responded at 11:41 a.m. and jury resumed deliberations at 11:43 a.m. Jury was not polled after verdict was read. Exhibits returned to counsel at conclusion of trial. Total court session time recorded as 17 minutes.",413,NA
"902434","individual","individual","Female","Female","1","1","defendant","Defendant prevailed on all three claims: assault, battery, and intentional infliction of emotional distress","YES","NO","0","0","0",NA,"01/15/2013","Jury found for defendant on all three claims (assault Q1, battery Q3, intentional infliction of emotional distress Q5). Damage questions Q2, Q4, and Q6 were skipped as a result. The IIED claim (Q5) also included emotional distress damages which would qualify as non-economic damages, hence YES for non-economic damages requested.",NA,NA,NA,NA,NA,"8","01/14/2013","Judge William J. Martínez","8",NA,"2","3","3","61",NA,"2",NA,"01:11","Deliberation start time not explicitly recorded; jury was excused at 09:05 a.m. until 10:00 a.m. but that was not for deliberations. Jury Bailiff was sworn at 11:30 and court recessed at 11:35, suggesting deliberations began around 11:30-11:35, but no explicit 'jury excused to deliberate' timestamp is recorded. Defendant's renewed Rule 50(a)(1) motion was granted as to punitive damages and denied in all other respects. Also present was Reesha Trznadel, Esq. from the United States Department of Energy. Trial time recorded as two hours and eleven minutes.",NA,"one or more days had unresolvable times — verify manually"
"902977","corporation","corporation",NA,NA,"1","1","plaintiff",NA,"NO","NO","1144950","0","0",NA,"07/07/2011","Jury found oral contract existed, was breached, and caused damages. Lost profits awarded: $0. Reliance damages awarded: $829,325 (capitalization and equipment) + $425,000 (advertising) + $425,000 (labor) = $1,679,325 total. Jury also found plaintiff failed to mitigate and reduced damages by $529,375, resulting in net award of $1,149,950. OCR reference shows reliance damages (capitalization and equipment) as $824,325 but document reads $829,325; used document value. Final net: $1,679,325 - $529,375 = $1,149,950.","Reliance damages:","824,325 (capitalization and equipment)",NA,0.7115162,TRUE,NA,"06/27/2011","Judge Robert E. Blackburn","9","15","1","3","3","109","Counsel introductions by Mr. Smeltzer (8:49 a.m.) and Mr. Dunn (8:50 a.m.), court introduces court staff (8:51 a.m.) occurring between voir dire start and recess; bench conference (10:56-10:58 a.m.) and peremptory challenges occurring between recess end and jury oath at 11:07 a.m.","7",NA,"2:03 p.m.","Deliberations were already in progress when court convened at 9:02 a.m., indicating they began on a prior day. The deliberation end time is inferred from the 2:03 p.m. 'Court in session' entry, at which point counsel were informed the jury had reached a unanimous verdict. Defendant's oral motion for judgment as a matter of law under Rule 50(a) was denied. Judgment to enter per Rule 58; costs taxed per Rule 54(b)(1) and Local Rule 54.1. Trial concluded.",NA,"one or more days had unresolvable times — verify manually"
"501853",NA,NA,NA,NA,NA,NA,NA,NA,NA,NA,NA,NA,NA,NA,NA,NA,NA,NA,NA,NA,NA,"8","03/12/2007","Judge Robert E. Blackburn","8","40","3","3","3","97",NA,NA,NA,NA,NA,NA,NA
