"case_id","Pl_type_verdict","Pl_type_judgement","Pl_type_minutes","Def_type_verdict","Def_type_judgement","Def_type_minutes","Pl_gender_verdict","Pl_gender_judgement","Pl_gender_minutes","Def_gender_verdict","Def_gender_judgement","Def_gender_minutes","Number_pl_verdict","Number_pl_judgement","Number_pl_minutes","Number_def_verdict","Number_def_judgement","Number_def_minutes","Trial_start_minutes","Trial_start_docket","verdict_date_verdict","Verdict_date_minutes","Verdict_date_docket","NumberofDaysinTrial","Multiple_trials_note","Judge_initial_assignment_docket_header","Judge_initial_assignment_docket_entry","Magistrate_assignment_docket_header","Magistrate_assignment_docket_entry","Judge_jury_trial_minutes","Judge_jury_trial_docket","SeatedJurySize_beg","SeatedJurySize_end","JuryPoolSize","Excused_by_court","Plaintiff_challenges","Defendant_challenges","Voir_dire_time","Voir_dire_start","Voir_dire_end","Voir_dire_recess_length","Voir_dire_recess_times","VD_extras","Deliberation_time","Deliberation_time_flag","Non_economic_damages_requested","Punitive_damages_requested","Monetary_award","Outcome_verdict","Outcome_judgement","Outcome_minutes","Outcome_docket","Verdict_note","Non_economic_damages_awarded","Punitive_damages_awarded","Percent_plaintiff_liable"
1000309,"individual","individual","individual","corporation","corporation","corporation","Female","Female","Female",NA,NA,NA,1,1,1,1,1,1,"03/26/2012","03/26/2012","04/05/2012","04/05/2012","04/05/2012",9,NA,"Magistrate Judge Craig B. Shaffer","Judge Philip A. Brimmer","Magistrate Judge Boyd N. Boland","Magistrate Judge Boyd N. Boland","Magistrate Judge Craig B. Shaffer","Magistrate Judge Craig B. Shaffer",8,8,NA,3,3,3,160,"09:23 AM","11:55 AM",18,"11:00 AM to 11:09 AM, 11:52 AM to 11:55 AM","At 9:23 AM (voir dire start): Jury panel present; Introduction of the court, counsel and parties, and courtroom personnel; Court's preliminary statements to the jury panel; Jurors sworn for voir dire; Fourteen jurors called to the jury box — all occurred before voir dire by the Court began. At 11:55 AM (voir dire end): Eight selected jurors addressed by court — occurred after challenges were resolved.",212,NA,"YES","NO",0,"defendant","defendant","defendant","defendant",NA,0,0,NA
1002201,"individual","individual",NA,"federal agency","federal agency",NA,"Male","Male",NA,NA,NA,NA,1,1,NA,1,1,NA,"07/30/2018","07/30/2018","08/08/2018",NA,"08/08/2018",NA,NA,"Senior Judge Christine M. Arguello","Judge Lewis T. Babcock","Magistrate Judge Kathleen M. Tafoya","Magistrate Judge Kathleen M. Tafoya","Chief Judge Marcia S. Krieger","Judge Christine M. Arguello",NA,9,NA,NA,NA,NA,106,"09:51 AM","11:37 AM",0,NA,"Jurors sworn for voir dire occurred between the 9:51 AM timestamp and the start of voir dire by the Court",NA,NA,"NO","NO",0,"defendant","defendant",NA,"defendant",NA,NA,0,NA
1002529,"individual","individual","individual","city","city","city","Male","Male","Male",NA,NA,NA,1,1,1,1,1,1,"10/22/2012","10/22/2012","10/25/2012","10/25/2012","10/25/2012",4,NA,"Judge William J. Martinez","Judge Marcia S. Krieger","Magistrate Judge Kathleen M. Tafoya","Magistrate Judge Kathleen M. Tafoya","Judge William J. Martínez","Judge William J. Martinez",8,8,NA,2,3,3,42,"08:52 AM","10:50 AM",16,"10:24 AM to 10:40 AM","At 10:40 Court in Session with jury panel present; at 10:41 Bench conference; at 10:46 Voir dire concluded — challenges listed before jury sworn at 10:50",NA,"one or more days had unresolvable times — verify manually","NO","NO",0,"defendant","defendant","plaintiff","defendant",NA,0,0,NA
1002912,"corporation","corporation","corporation","individual, corporation","individual, corporation","individual, corporation",NA,NA,NA,NA,"Male","Male",2,2,2,2,2,2,"06/24/2013","06/24/2013","07/10/2013","07/10/2013","07/10/2013",11,NA,"Judge R. Brooke Jackson","Judge Christine M. Arguello","Magistrate Judge Kathleen M. Tafoya","Magistrate Judge Kathleen M. Tafoya","Judge R. Brooke Jackson","Judge R. Brooke Jackson",7,7,40,2,3,3,146,"09:50 AM","12:23 PM",13,"10:48 AM to 11:01 AM","At the voir dire start timestamp (9:50 AM), voir dire begins directly. At the voir dire end timestamp (12:23 PM), the court goes into recess after jurors are sworn.",NA,"one or more days had unresolvable times — verify manually","NO","NO",0,"defendant","defendant","plaintiff","defendant",NA,NA,0,NA
1077,"federal government, individual","federal government, individual","government, individual","corporation","corporation","corporation","Male","Male","Male",NA,NA,NA,2,2,2,4,4,4,"03/09/2009","03/09/2009","03/18/2009","03/18/2009","03/18/2009",7,"Two trial sequences: first trial April 28-May 1, 2008 (Days 1-4) on original source jurisdiction/meat certificates issue, which concluded with a jury verdict on 5/1/2008; second trial March 9-18, 2009 (Days 1-7) on hide export certificate claims, which concluded with a verdict on 3/18/2009. The second trial is the final completed trial resulting in the operative judgment. Researcher should verify which trial sequence constitutes the 'final' trial for purposes of outcome determination.","Judge John L. Kane","Judge John L. Kane","Magistrate Judge Kristen L. Mix","Magistrate Judge Kristen L. Mix","Senior Judge John L. Kane","Judge John L. Kane",12,12,NA,4,3,3,88,"10:26 AM","12:03 PM",9,"11:47 AM to 11:56 AM",NA,421,NA,"NO","NO",NA,"plaintiff","plaintiff","plaintiff","plaintiff","False Claims Act hides trial; jury found 5 certificates with major/significant changes knowingly made without replacement certificate; 0 certificates found changed with intent to conceal. Damages not determined by this verdict form.",NA,NA,NA
1077,"federal government, individual","federal government, individual","government, individual","corporation","corporation","corporation","Male","Male","Male",NA,NA,NA,2,2,2,4,4,4,"03/09/2009","03/09/2009","03/18/2009","03/18/2009","03/18/2009",7,"Two trial sequences: first trial April 28-May 1, 2008 (Days 1-4) on original source jurisdiction/meat certificates issue, which concluded with a jury verdict on 5/1/2008; second trial March 9-18, 2009 (Days 1-7) on hide export certificate claims, which concluded with a verdict on 3/18/2009. The second trial is the final completed trial resulting in the operative judgment. Researcher should verify which trial sequence constitutes the 'final' trial for purposes of outcome determination.","Judge John L. Kane","Judge John L. Kane","Magistrate Judge Kristen L. Mix","Magistrate Judge Kristen L. Mix","Senior Judge John L. Kane","Judge John L. Kane",12,NA,NA,4,3,3,88,"10:26 AM","12:03 PM",9,"11:47 AM to 11:56 AM",NA,421,NA,"NO","NO",NA,"plaintiff","defendant","plaintiff","plaintiff","False Claims Act hides trial; jury found 5 certificates with major/significant changes knowingly made without replacement certificate; 0 certificates found changed with intent to conceal. Damages not determined by this verdict form.",NA,NA,NA
1077,"federal government, individual","federal government, individual","government, individual","corporation","corporation","corporation","Male","Male","Male",NA,NA,NA,2,2,2,4,4,4,"03/09/2009","03/09/2009","03/18/2009","03/18/2009","03/18/2009",7,"Two trial sequences: first trial April 28-May 1, 2008 (Days 1-4) on original source jurisdiction/meat certificates issue, which concluded with a jury verdict on 5/1/2008; second trial March 9-18, 2009 (Days 1-7) on hide export certificate claims, which concluded with a verdict on 3/18/2009. The second trial is the final completed trial resulting in the operative judgment. Researcher should verify which trial sequence constitutes the 'final' trial for purposes of outcome determination.","Judge John L. Kane","Judge John L. Kane","Magistrate Judge Kristen L. Mix","Magistrate Judge Kristen L. Mix","Senior Judge John L. Kane","Judge John L. Kane",12,NA,NA,4,3,3,88,"10:26 AM","12:03 PM",9,"11:47 AM to 11:56 AM",NA,421,NA,"NO","NO",NA,"plaintiff","defendant","plaintiff","plaintiff","False Claims Act hides trial; jury found 5 certificates with major/significant changes knowingly made without replacement certificate; 0 certificates found changed with intent to conceal. Damages not determined by this verdict form.",NA,NA,NA
1077,"federal government, individual","federal government, individual","government, individual","corporation","corporation","corporation","Male","Male","Male",NA,NA,NA,2,2,2,4,4,4,"03/09/2009","03/09/2009","03/18/2009","03/18/2009","03/18/2009",7,"Two trial sequences: first trial April 28-May 1, 2008 (Days 1-4) on original source jurisdiction/meat certificates issue, which concluded with a jury verdict on 5/1/2008; second trial March 9-18, 2009 (Days 1-7) on hide export certificate claims, which concluded with a verdict on 3/18/2009. The second trial is the final completed trial resulting in the operative judgment. Researcher should verify which trial sequence constitutes the 'final' trial for purposes of outcome determination.","Judge John L. Kane","Judge John L. Kane","Magistrate Judge Kristen L. Mix","Magistrate Judge Kristen L. Mix","Senior Judge John L. Kane","Judge John L. Kane",12,12,NA,4,3,3,88,"10:26 AM","12:03 PM",9,"11:47 AM to 11:56 AM",NA,421,NA,"NO","NO",NA,"plaintiff","plaintiff","plaintiff","plaintiff","False Claims Act hides trial; jury found 5 certificates with major/significant changes knowingly made without replacement certificate; 0 certificates found changed with intent to conceal. Damages not determined by this verdict form.",NA,NA,NA
1100303,"corporation, individual","corporation, individual","corporation, individual","county","county","county","Mixed","Mixed","Male",NA,NA,NA,5,5,5,1,2,1,"12/18/2012","12/18/2012","12/21/2012","12/21/2012","12/21/2012",4,NA,"Judge R. Brooke Jackson","Judge Philip A. Brimmer","Magistrate Judge Michael E. Hegarty","Magistrate Judge Michael E. Hegarty","Judge R. Brooke Jackson","Judge R. Brooke Jackson",7,7,23,2,3,3,90,"9:46 AM","12:21 PM",65,"10:07 AM to 11:12 AM","Court instructs the jury occurred between jurors being sworn and the 12:21 PM recess timestamp",137,NA,"NO","NO",400004,"plaintiff","plaintiff","plaintiff","plaintiff",NA,NA,0,NA
1100767,"individual",NA,"individual","individual",NA,"corporation","Male",NA,"Male","Male",NA,NA,1,NA,1,2,NA,2,"08/04/2014","08/04/2014","09/27/2017",NA,"08/11/2014",6,NA,"Judge Richard P. Matsch",NA,NA,NA,"Senior District Judge Richard P. Matsch","Judge Richard P. Matsch",11,NA,NA,5,3,3,115,"08:40 AM","10:35 AM",0,NA,NA,NA,"one or more days had unresolvable times — verify manually","NO","YES",0,"defendant",NA,"settlement","settlement",NA,NA,0,NA
1100874,"individual","individual",NA,"corporation","corporation",NA,"Male","Male",NA,NA,NA,NA,1,1,NA,1,1,NA,NA,"07/30/2012","08/03/2012",NA,"08/03/2012",NA,NA,"Senior Judge Christine M. Arguello","Senior District Judge Miller","Magistrate Judge Michael J. Watanabe","Magistrate Judge Michael J. Watanabe",NA,"Judge Christine M. Arguello",NA,10,NA,NA,NA,NA,NA,NA,NA,NA,NA,NA,NA,NA,"NO","NO",0,"defendant","defendant",NA,"defendant","Plaintiff found to be at-will employee; no national origin discrimination found; no retaliation found; defendant would have terminated plaintiff for unauthorized tape recording regardless",NA,0,NA
1101765,"individual, corporation","individual, corporation","individual, corporation","corporation","corporation","corporation","Male","Male","Male",NA,NA,NA,2,2,2,1,1,1,"08/04/2014","08/04/2014","08/12/2014","08/12/2014","08/12/2014",7,NA,"Judge Robert E. Blackburn",NA,"Magistrate Judge Nina Y. zzz_Wang-MJ","Magistrate Judge Boyd N. Boland","Judge Robert E. Blackburn","Judge Robert E. Blackburn",9,9,NA,1,3,3,146,"9:36 AM","11:35 AM",13,"10:24 AM to 10:37 AM","At 9:36 AM start: none. At 11:35 AM end: Civil jury oath administered immediately at that timestamp marking the end of voir dire.",NA,"one or more days had unresolvable times — verify manually","NO","NO",0,"defendant","defendant","plaintiff","defendant","Patent found invalid due to anticipation; infringement found only for Alpena Head 'N' Grill but patent invalidated, so defendant prevails overall",NA,0,NA
1101934,"individual","individual","individual","corporation","corporation","corporation","Male","Male","Male",NA,NA,NA,1,1,1,1,1,1,"08/13/2012","08/13/2012","08/16/12","08/16/2012","08/16/2012",4,NA,"Senior Circuit Judge David M Ebel","Senior Circuit Judge David M Ebel","Magistrate Judge Boyd N. Boland","Magistrate Judge Boyd N. Boland","Circuit Judge David M. Ebel","Judge David M. Ebel",7,7,NA,2,3,3,104,"09:11 AM","10:55 AM",0,NA,"At 9:11 AM: Jury panel present, Preliminary instruction to the jury panel, Panel sworn for voir dire, 13 members of the jury panel called to the jury seats for voir dire, Introductions by counsel and parties, The court reads a brief summary of the case to the Jury. At 10:55 AM: Jury sworn, Preliminary instructions by the Court.",241,NA,"NO","NO",325000,"plaintiff","plaintiff","plaintiff","plaintiff",NA,NA,0,NA
1202735,"individual","individual","individual","county","county","individual","Male","Male","Male","Male","Male","Male",1,1,1,3,3,4,"05/18/2015","05/18/2015","05/22/2015","05/22/2015","05/22/2015",5,NA,"Judge Richard P. Matsch","Judge Richard P. Matsch",NA,"Magistrate Judge Boyd N. Boland","Senior District Judge Richard P. Matsch","Judge Richard P. Matsch",12,11,NA,3,3,3,72,"9:00 AM","11:12 AM",0,NA,"At 10:30 a.m., bench conference where counsel pass jury panel for cause and request no additional voir dire by the Court. At 10:35 a.m., Court outlines trial stages and outlines protocol for jurors during trial. Challenges for cause and peremptory challenges recorded. At 10:45 a.m., jury excused from courtroom. Court in Recess 10:45 a.m. to 11:08 a.m. Court in Session. At 11:10 a.m., jury enters.",NA,"one or more days had unresolvable times — verify manually","NO","NO",72583,"plaintiff","plaintiff","plaintiff","plaintiff","Court ruled Fourth Amendment violation on entry/removal; jury decided excessive force and damages questions only",NA,0,NA
1302826,"individual","individual","individual","corporation","state agency, individual","government","Female","Female","Female",NA,"Mixed",NA,1,1,1,1,3,1,"01/30/2017","01/30/2017","02/07/2017","02/07/2017","02/07/2017",7,NA,"Judge Wiley Y. Daniel","Judge Wiley Y. Daniel","Magistrate Judge Craig B. Shaffer","Magistrate Judge Craig B. Shaffer","Senior Judge Wiley Y. Daniel","Judge Wiley Y. Daniel",10,10,NA,6,3,3,75,"10:16 AM","01:31 PM",19,"12:00 PM to 12:19 PM","At the start timestamp (10:16 AM), voir dire by Court begins immediately. At the end timestamp (1:31 PM), jury is sworn to try the case. Between 10:02 AM and 10:16 AM: Court's opening remarks to prospective jurors and voir dire oath given at 10:03 AM.",446,NA,"NO","NO",0,"defendant","defendant","plaintiff","defendant",NA,NA,0,NA
1400348,"individual","individual","individual","corporation","corporation","corporation","Male","Male","Male",NA,NA,NA,1,1,1,1,1,1,"08/22/2016","08/22/2016","08/26/2016","08/26/2016","08/26/2016",5,NA,NA,"Judge Richard P. Matsch","Magistrate Judge Michael E. Hegarty","Magistrate Judge Michael E. Hegarty","Magistrate Judge Michael E. Hegarty","Magistrate Judge Michael E. Hegarty",7,7,NA,3,3,3,118,"09:38 AM","11:36 AM",0,NA,"Court makes preliminary statements to the jury; Jurors sworn for voir dire; Thirteen jurors called to the jury box — all occurring at or after the 9:38 AM timestamp before voir dire by the Court began. At the end, bench conferences at 11:14 AM and 11:17 AM with counsel and juror 100326927 occurred before jury was sworn at 11:36 AM.",124,NA,"NO","NO",0,"defendant","defendant","plaintiff","defendant","Jury answered No to Question 1 (plaintiff did not prove he was unaware of ineligible for rehire designation until 2013), ending deliberations without reaching liability or damages questions",NA,0,NA
1400778,"corporation","corporation","corporation","corporation","corporation","corporation",NA,NA,NA,NA,NA,NA,1,1,1,1,1,1,"09/12/2016","09/12/2016","09/23/2016","09/23/2016","09/23/2016",10,NA,"Judge Robert E. Blackburn","Senior District Judge Richard P. Matsch","Magistrate Judge Michael E. Hegarty","Magistrate Judge Michael E. Hegarty","Judge Robert E. Blackburn","Judge Robert E. Blackburn",9,9,NA,9,3,3,47,"10:03 AM","12:08 PM",18,"11:05 AM to 11:23 AM","At 9:36 AM court in session; at 9:38 AM civil voir dire oath given to jury panel; opening statements by the court; at 9:42 AM court introduces plaintiff; at 9:43 AM court introduces defendants; court introduces court staff; further statements by the court — all occurring before voir dire by court commences at 10:03 AM. At 12:08 PM civil jury oath administered, occurring after voir dire concluded.",305,NA,"NO","YES",0,"defendant","defendant","defendant","defendant","Jury answered NO to Question 1 (fraudulent misrepresentation or concealment not proven); no further questions answered",NA,0,NA
1400778,"corporation","corporation","corporation","corporation","corporation","corporation",NA,NA,NA,NA,NA,NA,1,1,1,1,1,1,"09/12/2016","09/12/2016","09/23/2016","09/23/2016","09/23/2016",10,NA,"Judge Robert E. Blackburn","Senior District Judge Richard P. Matsch","Magistrate Judge Michael E. Hegarty","Magistrate Judge Michael E. Hegarty","Judge Robert E. Blackburn","Judge Robert E. Blackburn",9,9,NA,9,3,3,47,"10:03 AM","12:08 PM",18,"11:05 AM to 11:23 AM","At 9:36 AM court in session; at 9:38 AM civil voir dire oath given to jury panel; opening statements by the court; at 9:42 AM court introduces plaintiff; at 9:43 AM court introduces defendants; court introduces court staff; further statements by the court — all occurring before voir dire by court commences at 10:03 AM. At 12:08 PM civil jury oath administered, occurring after voir dire concluded.",305,NA,"NO","NO",0,"defendant","defendant","defendant","defendant","Jury found no breach of contract by defendant; Question 1 answered NO, ending deliberations on Verdict Form B",NA,0,NA
1400778,"corporation","corporation","corporation","corporation","corporation","corporation",NA,NA,NA,NA,NA,NA,1,1,1,1,1,1,"09/12/2016","09/12/2016","09/23/2016","09/23/2016","09/23/2016",10,NA,"Judge Robert E. Blackburn","Senior District Judge Richard P. Matsch","Magistrate Judge Michael E. Hegarty","Magistrate Judge Michael E. Hegarty","Judge Robert E. Blackburn","Judge Robert E. Blackburn",9,9,NA,9,3,3,47,"10:03 AM","12:08 PM",18,"11:05 AM to 11:23 AM","At 9:36 AM court in session; at 9:38 AM civil voir dire oath given to jury panel; opening statements by the court; at 9:42 AM court introduces plaintiff; at 9:43 AM court introduces defendants; court introduces court staff; further statements by the court — all occurring before voir dire by court commences at 10:03 AM. At 12:08 PM civil jury oath administered, occurring after voir dire concluded.",305,NA,"NO","NO",0,"defendant","defendant","defendant","defendant",NA,NA,0,NA
1402403,"individual","individual","individual","individual","individual","individual","Male","Male","Male","Female","Female","Female",1,1,1,1,1,1,"06/11/2018","06/11/2018","06/12/2018","06/12/2018","06/12/2018",2,NA,"Judge Marcia S. Krieger","Chief Judge Marcia S. Krieger","Magistrate Judge Michael J. Watanabe","Magistrate Judge Michael J. Watanabe","Chief Judge Marcia S. Krieger","Chief Judge Marcia S. Krieger",NA,NA,NA,NA,NA,NA,85,"08:50 AM","10:15 AM",0,NA,"Jurors sworn for voir dire occurred at the 8:50 AM timestamp before voir dire by the Court began; jurors sworn to try the case occurred before the 10:15 AM Court in recess timestamp",182,NA,"NO","NO",250,"plaintiff","plaintiff","plaintiff","plaintiff",NA,NA,0,NA
1402565,"corporation","corporation","corporation","individual","individual","individual",NA,NA,NA,"mixed","mixed","Mixed",1,1,1,3,3,3,"10/31/2016","10/31/2016","11/04/2016","11/04/2016","11/04/2016",5,NA,"Judge Raymond P. Moore","Judge Wiley Y. Daniel","Magistrate Judge Michael J. Watanabe","Magistrate Judge Michael J. Watanabe","Judge Raymond P. Moore","Judge Raymond P. Moore",8,7,NA,NA,3,3,99,"9:21 AM","11:17 AM",17,"10:48 AM to 11:05 AM","At 11:06 a.m., Voir dire by Ms. Miletich occurred between the 11:05 a.m. session resumption timestamp and the 11:17 a.m. end of voir dire (counsel pass the panel for cause).",279,NA,"NO","YES",0,"defendant","defendant","defendant","defendant",NA,NA,0,NA
1500720,"individual","individual","individual","corporation","corporation","corporation","Male","Male","Male",NA,NA,NA,1,1,1,1,1,1,"08/14/2017","08/14/2017","08/18/2017","08/18/2017","08/18/2017",5,NA,NA,"Judge Wiley Y. Daniel","Magistrate Judge Nina Y. zzz_Wang-MJ","Magistrate Judge Kathleen M. Tafoya","Magistrate Judge Nina Y. Wang","Magistrate Judge Nina Y. Wang",7,7,NA,1,3,3,169,"09:24 AM","12:33 PM",20,"10:50 AM to 11:09 AM","At 12:00 PM jury was escorted out of the courtroom; at 12:04 PM discussion and argument held regarding Batson challenge; at 12:13 PM court in recess; at 12:33 PM court in session and the court ruled on the Batson challenge before jury empanelment was finalized",194,NA,"YES","NO",580000,"plaintiff","plaintiff","plaintiff","plaintiff",NA,100000,0,NA
1500720,"individual","individual","individual","corporation","corporation","corporation","Male","Male","Male",NA,NA,NA,1,1,1,1,1,1,"11/19/2010","08/14/2017","08/18/2017","08/18/2017","08/18/2017",5,NA,NA,"Judge Wiley Y. Daniel","Magistrate Judge Nina Y. zzz_Wang-MJ","Magistrate Judge Kathleen M. Tafoya","Judge Lewis T. Babcock","Magistrate Judge Nina Y. Wang",NA,7,NA,NA,NA,NA,NA,NA,NA,NA,NA,NA,194,NA,"YES","NO",580000,"plaintiff","plaintiff","plaintiff","plaintiff",NA,100000,0,NA
1501795,"individual","individual","individual","individual","individual","individual","Male","Male","Male","Male","Male","Mixed",1,1,1,2,2,2,"09/25/2017","09/25/2017","09/27/2017","09/27/2017","09/27/2017",3,NA,"Magistrate Judge Michael J. Watanabe","Chief Judge Marcia S. Krieger","Magistrate Judge Scott T. Varholak","Magistrate Judge Michael J. Watanabe","Magistrate Judge Michael J. Watanabe","Magistrate Judge Michael J. Watanabe",8,8,NA,2,3,3,90,"09:08 AM","10:38 AM",0,NA,"At 9:57 a.m., Plaintiff's oral motion challenging juror 100367353 for cause GRANTED; at 10:10 a.m., Plaintiff's oral motion challenging juror 100356558 for cause DENIED; at 10:24-10:25 a.m., bench conference where Plaintiff's renewal oral motion challenging juror 100356558 for cause GRANTED; at 10:25 a.m., Plaintiff's and Defendants' voir dire continues.",139,NA,"NO","YES",0,"defendant","defendant","plaintiff","defendant",NA,NA,0,NA
1501974,"individual","individual","individual","individual","individual","individual","Male","Male","Male","Mixed","Mixed","Mixed",1,1,1,2,3,2,"08/07/2017",NA,"08/14/2017","08/14/2017",NA,6,NA,NA,NA,NA,NA,"Judge William J. Martínez",NA,NA,8,NA,13,NA,NA,120,"02:15 PM","04:38 PM",23,"03:34 PM to 03:57 PM","At 02:08 PM (Court in Session): jury panel present and court's opening remarks to the jury occurred before voir dire commenced at 02:15 PM",NA,"one or more days had unresolvable times — verify manually","NO","NO",NA,"defendant","defendant","defendant",NA,"This document is courtroom minutes noting a verdict was reached, not the verdict form itself. Verdict details not specified in this document.",NA,NA,NA
1502785,"corporation","individual, corporation","individual, corporation","individual, corporation","individual, corporation","individual, corporation",NA,"Male","Male","Mixed","Male","Male",1,3,3,3,3,3,"02/11/2019","02/11/2019","02/15/2019","02/15/2019","02/15/2019",5,NA,"Judge Raymond P. Moore","Magistrate Judge Gordon P. Gallagher","Magistrate Judge Nina Y. zzz_Wang-MJ","Magistrate Judge Nina Y. Wang","Judge Raymond P. Moore","Judge Raymond P. Moore",8,8,NA,1,3,3,99,"09:22 AM","11:17 AM",16,"10:35 AM to 10:51 AM","At 9:19 AM (before voir dire start at 9:22 AM): Jury panel is present; Introductory statements by the Court. At 11:17 AM (the voir dire end timestamp): Counsel exercise their peremptory challenges.",NA,"one or more days had unresolvable times — verify manually","NO","NO",475000,"plaintiff","plaintiff","plaintiff","plaintiff",NA,0,0,NA
1600447,"individual","individual","individual","individual","individual","individual","Male","Male","Male","Male","Male","Male",1,1,1,1,1,1,"10/07/2019","10/07/2019","10/09/2019","10/09/2019","10/09/2019",3,NA,"Judge Philip A. Brimmer","Judge Philip A. Brimmer","Magistrate Judge Kristen L. Mix","Magistrate Judge Kristen L. Mix","Chief Judge Philip A. Brimmer","Chief Judge Philip A. Brimmer",9,NA,NA,2,2,3,83,"9:02 AM","10:40 AM",15,"10:18 AM to 10:33 AM","At the start timestamp (9:02 AM), voir dire begins directly. At the end timestamp (10:40 AM), nine jurors are selected; prior to that at 10:33-10:34 AM there was a bench conference where counsel passed the jury for cause, followed by listing of jurors excused for cause and peremptory challenges before the final jury selection at 10:40 AM.",95,NA,"YES","YES",0,"defendant","defendant","plaintiff","plaintiff",NA,0,0,NA
1603000,"individual",NA,"individual","individual",NA,"individual","Female",NA,"Female","Mixed",NA,"Male",1,NA,1,4,NA,4,"09/10/2018","09/10/2018","09/27/2018","09/27/2018","09/27/2018",13,NA,"Judge R. Brooke Jackson","Judge Richard P. Matsch",NA,"Magistrate Judge Kathleen M. Tafoya","Judge R. Brooke Jackson","Judge R. Brooke Jackson",7,NA,36,5,3,3,215,"9:28 AM","12:57 PM",14,"10:43 AM to 10:57 AM",NA,233,NA,"YES","NO",0,"defendant",NA,"defendant","defendant","All defendants found not negligent; jury stopped at Question 1",0,0,NA
1700025,"individual","individual","individual","corporation","corporation","corporation","Female","Female","Female",NA,NA,NA,1,1,1,1,1,1,"02/20/2018","02/20/2018","02/22/2018","02/22/2018","02/22/2018",3,NA,"Judge Wiley Y. Daniel","Judge Wiley Y. Daniel","Magistrate Judge Kelly H zzz_Rankin-MJ","Magistrate Judge Craig B. Shaffer","Senior Judge Wiley Y. Daniel","Judge Wiley Y. Daniel",10,10,NA,0,3,3,107,"9:35 AM","12:27 PM",22,"10:50 AM to 11:12 AM","At 12:25 p.m. Court reads preliminary jury instructions, then at 12:27 p.m. jury is sworn to try the case",276,NA,"YES","YES",4e+05,"plaintiff","plaintiff","plaintiff","plaintiff",NA,NA,360000,NA
1700584,"individual","individual","individual","corporation","corporation","corporation","Male","Male","Male",NA,NA,NA,1,1,1,1,1,1,"10/15/2018","10/15/2018","10/18/2018","10/18/2018","10/18/2018",4,NA,"Judge Philip A. Brimmer","Judge Philip A. Brimmer","Magistrate Judge Nina Y. zzz_Wang-MJ","Magistrate Judge Nina Y. Wang","Judge Philip A. Brimmer","Judge Philip A. Brimmer",9,NA,NA,2,3,3,97,"9:26 AM","11:46 AM",18,"10:29 AM to 10:47 AM","At 9:13 AM: Jurors present, fifteen jurors seated in the jury box; Court's preliminary remarks and introduction of staff, counsel, and parties; Statement by the Court; All jurors sworn for voir dire. At 9:29 AM: Court reads the statement of the case before voir dire continues.",NA,"one or more days had unresolvable times — verify manually","YES","NO",0,"defendant","defendant",NA,"plaintiff",NA,0,0,NA
1701341,"individual","individual",NA,"individual","individual",NA,"Male","Male",NA,"Female","Female",NA,1,1,NA,2,2,NA,NA,"09/16/2019","09/18/2019",NA,"09/18/2019",NA,NA,"Senior Judge Christine M. Arguello","Judge Christine M. Arguello","Magistrate Judge Scott T. Varholak","Magistrate Judge Scott T. Varholak",NA,"Judge Christine M. Arguello",NA,10,NA,NA,NA,NA,NA,NA,NA,NA,NA,NA,NA,NA,"NO","YES",190002,"plaintiff","plaintiff",NA,"plaintiff",NA,NA,190000,NA
1702629,"individual",NA,"individual","corporation",NA,"corporation","Mixed",NA,"Mixed",NA,NA,NA,2,NA,2,1,NA,1,"05/06/2019","05/06/2019","05/08/2019","05/08/2019","05/08/2019",3,NA,"Magistrate Judge Kathleen M. Tafoya","Magistrate Judge Kathleen M. Tafoya","Magistrate Judge Kathleen M. Tafoya","Magistrate Judge Kathleen M. Tafoya","Magistrate Judge Kathleen M. Tafoya","Magistrate Judge Kathleen M. Tafoya",8,NA,NA,1,3,3,38,"10:17 AM","11:55 AM",0,NA,"At 10:17 AM start: Court reads statement of case to jurors and Counsel reads list of potential witnesses. At 11:55 AM end: Eight jurors sworn to try the case (juror IDs listed).",116,NA,"NO","NO",0,"defendant",NA,"plaintiff","defendant","Jury stopped at Question 2 and 3 answering No; breach of contract not established",NA,0,NA
1800997,"corporation","corporation","corporation","corporation","corporation","corporation",NA,NA,NA,NA,NA,NA,2,2,2,1,1,1,"03/27/2023","03/27/2023","03/31/2023","03/31/2023","03/31/2023",5,NA,"Judge Raymond P. Moore","Chief Judge Marcia S. Krieger","Magistrate Judge Kristen L. Mix","Magistrate Judge Kristen L. Mix","Judge Raymond P. Moore","Judge Raymond P. Moore",8,NA,NA,7,3,3,143,"9:32 AM","12:29 PM",27,"10:34 AM to 11:01 AM","At 9:30 AM jury panel is present and preliminary remarks made by the Court before voir dire sworn at 9:32 AM; at end, 12:22 PM counsel exercise peremptory challenges before jury sworn and excused at 12:29 PM",215,NA,"NO","NO",3.9e+07,"plaintiff","plaintiff","plaintiff","plaintiff",NA,NA,0,NA
1801665,"individual","individual","individual","corporation","corporation","corporation","Male","Male","Male",NA,NA,NA,1,1,1,1,1,1,"06/27/2022","06/27/2022","07/01/2022","07/01/2022","07/01/2022",5,NA,"Judge Raymond P. Moore","Senior Judge Wiley Y. Daniel",NA,"Magistrate Judge Nina Y. Wang","Judge Raymond P. Moore","Judge Raymond P. Moore",8,8,NA,6,3,3,91,"9:06 AM","11:46 AM",15,"10:35 AM to 10:50 AM","At the start of voir dire (9:06 AM): All jurors sworn for voir dire, attorneys and parties introduced, Court's statement of the case to jurors, Court advises jury panel regarding its jury selection practice, two jurors excused for cause (100425473, 100432266). At the end of voir dire (11:46 AM): Eight jurors sworn to try the case.",188,NA,"YES","NO",0,"defendant","defendant","defendant","defendant",NA,0,0,NA
1802076,"individual","individual","individual","individual","county, individual","individual","Female","Female","Female","Male","Male","Male",1,1,1,1,4,1,"10/03/2022","10/03/2022","10/04/2022","10/04/2022","10/04/2022",2,NA,"Chief Judge Daniel D. Domenico","Judge Wiley Y. Daniel","Magistrate Judge Cyrus Y. Chung","Magistrate Judge S. Kato Crews","Judge Daniel D. Domenico","Judge Daniel D. Domenico",7,7,NA,5,3,3,58,"09:41 AM","11:52 AM",13,"10:57 AM to 11:10 AM","At 11:43 AM bench conference regarding challenges for cause and there are none; challenges for cause and peremptory challenges recorded before jury sworn at 11:52 AM",77,NA,"YES","YES",8250000,"plaintiff","plaintiff","plaintiff","plaintiff",NA,NA,5000000,NA
1901749,"corporation","corporation","corporation","corporation","corporation","corporation",NA,NA,NA,NA,NA,NA,1,1,1,1,1,1,"03/14/2022","03/14/2022","03/22/2022","03/22/2022","03/22/2022",7,NA,"Judge Regina M. Rodriguez","Judge Robert E. Blackburn","Magistrate Judge S. Kato zzz_Crews - MJ","Magistrate Judge S. Kato Crews","Judge Regina M. Rodriguez","Judge Regina M. Rodriguez",8,8,NA,1,3,3,60,"09:54 AM","11:18 AM",24,"10:50 AM to 11:14 AM","At the voir dire start timestamp (9:54 AM), voir dire by Court begins directly. At the voir dire end timestamp (11:18 AM), eight prospective jurors are selected to try the case; jurors sworn at 11:19 AM.",NA,"one or more days had unresolvable times — verify manually","NO","YES",1037700,"plaintiff","plaintiff","plaintiff","plaintiff","Plaintiff won on breach of contract ($1,027,500) and breach of implied duty of good faith and fair dealing ($10,200). Defendant's counterclaims all failed. National Tax's unjust enrichment counterclaim answered Yes but damages appear blank/illegible (recorded as $1). Net award favors plaintiff.",NA,0,NA
2000076,"individual","individual","individual","corporation","corporation","corporation","Female","Female","Female",NA,NA,NA,1,1,1,1,1,1,"09/27/2021","09/27/2021","09/30/2021","09/30/2021","09/30/2021",4,NA,"Judge R. Brooke Jackson","Judge R. Brooke Jackson","Magistrate Judge Scott T. Varholak","Magistrate Judge Scott T. Varholak","Judge R. Brooke Jackson","Judge R. Brooke Jackson",7,7,21,NA,3,3,46,"9:24 AM","10:10 AM",0,NA,"At the 9:24 AM timestamp, voir dire by the Court begins. At the 10:10 AM timestamp, seven jurors are sworn to try the case; no intervening events are noted between the timestamp and the swearing-in.",119,NA,"YES","YES",0,"defendant","defendant","defendant","defendant",NA,0,0,NA
2000627,"individual","individual","individual","school, individual","school, individual","school, individual","Female","Female","Female","Male","Male","Male",1,1,1,2,2,2,"03/13/2023","03/13/2023","03/16/2023","03/16/2023","03/16/2023",4,NA,"Judge Nina Y. Wang","Judge Robert E. Blackburn","Magistrate Judge Maritza Dominguez Braswell","Magistrate Judge Kathleen M. Tafoya","Judge Nina Y. Wang","Judge Nina Y. Wang",8,8,NA,4,3,3,91,"9:24 AM","11:38 AM",17,"10:55 AM to 11:12 AM","At the start timestamp (9:11 AM): Jury panel became present, Court made preliminary remarks and introduced staff, counsel, and parties, and jury panel was sworn for voir dire before voir dire by Court began at 9:24 AM. At the end timestamp (11:38 AM): Eight jurors were sworn to try the case.",157,NA,"YES","NO",0,"defendant","defendant","defendant","defendant","Verdict for defendant Jonathan Dehn on First Amendment retaliation claim (Q1: No). Verdict for defendant Pueblo School District No. 60 on breach of contract claim (Q5: No). Both claims resolved in favor of defendants.",0,0,NA
2001194,"corporation","corporation","corporation","corporation","corporation","corporation",NA,NA,NA,NA,NA,NA,1,1,1,1,1,1,"05/01/2023","05/01/2023","05/05/2023","05/05/2023","05/05/2023",5,NA,"Chief Judge Daniel D. Domenico","Magistrate Judge Kathleen M. Tafoya","Magistrate Judge Maritza Dominguez Braswell","Magistrate Judge Kathleen M. Tafoya","Judge Daniel D. Domenico","Judge Daniel D. Domenico",9,9,NA,5,3,3,63,"9:28 AM","11:47 AM",16,"10:38 AM to 10:54 AM","At the start timestamp (9:20 AM): Court in Session with jury present, appearances of counsel and parties, Court's opening remarks to prospective jurors. At 9:27 AM voir dire oath given before voir dire commenced at 9:28 AM. At the end timestamp (11:47 AM): Jury sworn to try the case.",154,NA,"NO","YES",2380000,"plaintiff","plaintiff","plaintiff","plaintiff",NA,NA,1500000,NA
2101408,"individual","individual","individual","corporation","corporation","corporation","Female","Female","Female",NA,NA,NA,1,1,1,1,1,1,"09/23/2024","09/23/2024","09/25/2024","09/25/2024","09/25/2024",3,NA,"Chief Judge Daniel D. Domenico","Magistrate Judge S. Kato Crews","Magistrate Judge Susan Prose","Magistrate Judge S. Kato Crews","Judge Daniel D. Domenico","Judge Daniel D. Domenico",9,9,NA,2,3,3,56,"9:20 AM","11:36 AM",40,"10:39 AM to 11:19 AM","At the end of voir dire (11:33 AM session): Challenges for Cause listed, Peremptory challenges by Plaintiff listed, Peremptory challenges by Defendant listed; then at 11:36 AM jury sworn. At the start of voir dire (9:20 AM): no intervening events before voir dire commences.",246,NA,"NO","NO",28238.25,"plaintiff","plaintiff","plaintiff","plaintiff",NA,NA,0,NA
2101748,"individual","individual","individual","corporation","corporation","corporation","Male","Male","Male",NA,NA,NA,1,1,1,1,1,1,"06/26/2023","06/26/2023","06/29/2023","06/27/2023","06/29/2023",4,NA,"District Judge Gordon P Gallagher","Judge Raymond P. Moore","Magistrate Judge Michael E. Hegarty","Magistrate Judge Michael E. Hegarty","Judge Gordon P. Gallagher","District Judge Gordon P Gallagher",9,8,NA,8,3,3,87,"9:10 AM","12:01 PM",15,"10:11 AM to 10:26 AM","At 9:10 AM session start: jury panel present, court remarks to prospective jurors, introduction of counsel and parties, jury given oath by judge, then voir dire of prospective jurors by the Court began. At 12:01 PM: jury excused after jurors sworn, then further discussion and comments before court recessed at 12:03 PM.",170,NA,"YES","NO",413333.63,"plaintiff","plaintiff","plaintiff","plaintiff",NA,337112,0,NA
2102444,"individual","individual","individual","corporation","corporation","corporation","Male","Male","Male",NA,NA,NA,1,1,1,1,1,1,"09/11/2023","09/11/2023","09/14/2023","09/14/2023","09/14/2023",4,NA,"Judge Charlotte N. Sweeney","Senior Judge Lewis T. Babcock","Magistrate Judge S. Kato zzz_Crews - MJ","Magistrate Judge S. Kato Crews","Judge Charlotte N. Sweeney","Judge Charlotte N. Sweeney",9,9,29,3,3,3,18,"08:51 AM","11:22 AM",13,"10:42 AM to 10:55 AM","At the voir dire end timestamp (11:22 AM), the nine jurors were sworn to try the case immediately upon selection.",NA,"one or more days had unresolvable times — verify manually","YES","NO",0,"defendant","defendant","defendant","defendant",NA,0,0,NA
501917,"corporation","corporation","corporation","corporation","corporation","corporation",NA,NA,NA,NA,NA,NA,1,1,1,1,1,1,"12/03/2007","12/03/2007","12/14/2007","12/14/2007","12/14/2007",10,NA,"Judge Richard P. Matsch","Judge Wiley Y. Daniel",NA,"Magistrate Judge Michael J. Watanabe","Senior District Judge Richard P. Matsch","Judge Richard P. Matsch",12,NA,NA,2,3,3,178,"08:36 AM","11:34 AM",0,NA,"At 8:36 AM: Statement of Case read to jurors by the Court; All jurors sworn for voir dire; Eighteen jurors called to the jury box — these occurred before 'Court voir dires jurors'. At 11:34 AM: Bench conference regarding passing jurors for cause; Counsel and Court agree to excuse juror for cause 100141606 — these occurred at the timestamp marking the end of voir dire.",NA,"one or more days had unresolvable times — verify manually","NO","NO",394410.21,"plaintiff","plaintiff","plaintiff","plaintiff",NA,0,0,NA
601016,"individual","individual","individual","individual","individual","individual","Male","Male","Male","Male","Male","Male",1,1,1,1,1,1,"11/05/2007","11/05/2007","11/06/2007","11/06/2007","11/06/2007",2,NA,"Judge Edward W. Nottingham","Judge Edward W. Nottingham","Magistrate Judge Craig B. Shaffer","Magistrate Judge Craig B Shaffer","Chief Judge Edward W. Nottingham","Chief Judge Edward W. Nottingham",12,12,NA,1,3,3,66,"9:20 AM","10:26 AM",0,NA,"At 9:20 AM: Civil voir dire oath given to jury panel before voir dire by court commences. At 10:26 AM: Criminal jury oath given at the same timestamp as jurors sworn to try the case.",94,NA,"NO","YES",0,"defendant","defendant","defendant","defendant",NA,NA,0,NA
601142,"individual","individual","individual","city","city","city","Female","Female","Female",NA,NA,NA,1,1,1,1,1,1,"04/12/2010","04/12/2010","04/21/2010","04/21/2010","04/21/2010",7,NA,"Judge Walker D. Miller","Judge Walker D. Miller","Magistrate Judge Michael J. Watanabe","Magistrate Judge Michael J. Watanabe","Senior Judge Walker D. Miller","Judge Walker D. Miller",8,6,NA,NA,3,3,76,"2:07 PM","3:43 PM",20,"2:37 PM to 2:57 PM",NA,239,NA,"YES","NO",0,"defendant","defendant","plaintiff","defendant",NA,0,0,NA
701355,"corporation","government, corporation","corporation","corporation","corporation","corporation",NA,NA,NA,NA,NA,NA,2,2,2,3,3,3,"11/01/2010","11/01/2010","11/22/2010","11/22/2010","11/22/2010",15,NA,"Judge Lewis T. Babcock","Judge Lewis T. Babcock","Magistrate Judge Michael J. Watanabe","Magistrate Judge Michael J. Watanabe","Judge Lewis T. Babcock","Judge Lewis T. Babcock",9,8,NA,1,3,3,52,"09:45 AM","10:37 AM",0,NA,"Bench conference at 10:28 AM occurred between voir dire start and voir dire completed timestamp",NA,"one or more days had unresolvable times — verify manually","NO","NO",4143416,"plaintiff","plaintiff","plaintiff","plaintiff",NA,NA,0,NA
701355,"corporation","government, corporation","corporation","corporation","corporation","corporation",NA,NA,NA,NA,NA,NA,2,2,2,3,3,3,"11/19/2010","11/01/2010","11/22/2010","11/22/2010","11/22/2010",15,NA,"Judge Lewis T. Babcock","Judge Lewis T. Babcock","Magistrate Judge Michael J. Watanabe","Magistrate Judge Michael J. Watanabe","Judge Lewis T. Babcock","Judge Lewis T. Babcock",NA,8,NA,NA,NA,NA,NA,NA,NA,NA,NA,NA,NA,"one or more days had unresolvable times — verify manually","NO","NO",4143416,"plaintiff","plaintiff","plaintiff","plaintiff",NA,NA,0,NA
800495,"individual","corporation","corporation","individual","individual, corporation","individual, corporation","Male",NA,NA,"Male","Male","Mixed",1,1,1,1,3,4,"04/12/2010","04/12/2010","11/06/2007","04/20/2010","04/20/2010",6,NA,"Judge Philip A. Brimmer","Judge Robert E. Blackburn","Magistrate Judge Michael J. Watanabe","Magistrate Judge Michael J. Watanabe","Judge Philip A. Brimmer","Judge Philip A. Brimmer",9,9,NA,NA,3,3,39,"08:55 AM","10:50 AM",16,"10:25 AM to 10:41 AM","At 10:41 AM court session resumed and peremptory challenges were recorded before jurors were sworn at 10:50 AM",NA,"one or more days had unresolvable times — verify manually","NO","YES",0,"defendant","plaintiff","plaintiff","plaintiff",NA,0,0,NA
800996,"individual","individual","individual","individual","individual, corporation","individual","Mixed","Mixed","Mixed","Male","Male","Male",2,2,2,1,2,1,"03/15/2010","03/15/2010","03/18/2010","03/18/2010","03/18/2010",4,NA,"Judge Richard P. Matsch",NA,NA,NA,"Senior District Judge Richard P. Matsch","Judge Richard P. Matsch",12,10,NA,3,3,3,78,"08:52 AM","11:07 AM",0,NA,"Bench conference at 10:26 a.m. to 10:27 a.m. where counsel pass jurors for cause; peremptory challenges exercised; twelve jurors selected; court instructs jurors; jurors excused; court in recess 10:42 a.m. to 11:07 a.m. (not labeled as Court in Recess/Court in Session bolded recess pair within voir dire window per instructions, but recess did occur); jurors present at 11:07 a.m. before twelve jurors sworn",167,NA,"YES","NO",0,"defendant","defendant","defendant","defendant",NA,0,0,NA
900908,"individual","individual","individual","corporation","corporation","corporation","Female","Female","Female",NA,NA,NA,1,1,1,1,1,1,"10/03/2011","10/03/2011","10/06/2011","10/06/2011","10/06/2011",4,NA,"Judge Wiley Y. Daniel","Chief Judge Wiley Y. Daniel","Magistrate Judge Craig B. Shaffer","Magistrate Judge Craig B. Shaffer","Chief Judge Wiley Y. Daniel","Chief Judge Wiley Y. Daniel",10,10,NA,3,3,3,183,"10:12 AM","1:16 PM",19,"11:43 AM to 12:02 PM","At the start timestamp (10:12 AM), voir dire by Court commences directly. At the end timestamp (1:16 PM), jury is sworn to try the case. Between 1:11 PM (Voir dire by Defendant ends) and 1:16 PM (Jury sworn), challenges for cause and peremptory challenges were recorded.",NA,"one or more days had unresolvable times — verify manually","YES","YES",0,"defendant","defendant",NA,"defendant",NA,0,0,NA
902413,"corporation","corporation","corporation","city, individual","city, individual","city",NA,NA,NA,"Male","Male",NA,1,1,1,2,2,1,"08/20/2012","04/14/2014","08/21/2012","08/29/2012","04/18/2014",7,"Two trial sequences: first trial August 2012 (Days 1-7, 8/20/2012-8/29/2012) ended with jury verdict in favor of defendants, which was subsequently reversed on appeal for the breach of contract claim; second trial April 2014 (Days 1-5, 4/14/2014-4/18/2014) ended with jury verdict in favor of plaintiff.","Judge Wiley Y. Daniel","Chief Judge Wiley Y. Daniel","Magistrate Judge Kathleen M. Tafoya","Magistrate Judge Kathleen M. Tafoya","Chief Judge Wiley Y. Daniel","Judge Wiley Y. Daniel",10,10,NA,NA,3,3,117,"10:29 AM","02:25 PM",84,"12:10 PM to 01:34 PM","At 10:17 AM (start session): Court's opening remarks to prospective jurors. At 10:19 AM: Voir dire oath given. At 01:34 PM (after recess): Voir dire by Court continues before plaintiff and defendant voir dire at 1:49 PM and 1:52 PM respectively. Peremptory challenges occurred before jury sworn at 2:25 PM.",413,NA,"NO","NO",0,"defendant","defendant","plaintiff","plaintiff",NA,NA,0,NA
902413,"corporation","corporation","corporation","city, individual","city, individual","city",NA,NA,NA,"Male","Male",NA,1,1,1,2,2,1,"08/20/2012","04/14/2014","08/29/2012","08/29/2012","04/18/2014",7,"Two trial sequences: first trial August 2012 (Days 1-7, 8/20/2012-8/29/2012) ended with jury verdict in favor of defendants, which was subsequently reversed on appeal for the breach of contract claim; second trial April 2014 (Days 1-5, 4/14/2014-4/18/2014) ended with jury verdict in favor of plaintiff.","Judge Wiley Y. Daniel","Chief Judge Wiley Y. Daniel","Magistrate Judge Kathleen M. Tafoya","Magistrate Judge Kathleen M. Tafoya","Chief Judge Wiley Y. Daniel","Judge Wiley Y. Daniel",10,10,NA,NA,3,3,117,"10:29 AM","02:25 PM",84,"12:10 PM to 01:34 PM","At 10:17 AM (start session): Court's opening remarks to prospective jurors. At 10:19 AM: Voir dire oath given. At 01:34 PM (after recess): Voir dire by Court continues before plaintiff and defendant voir dire at 1:49 PM and 1:52 PM respectively. Peremptory challenges occurred before jury sworn at 2:25 PM.",413,NA,"NO","YES",0,"defendant","defendant","plaintiff","plaintiff",NA,NA,0,NA
902434,"individual","individual","individual","individual","individual","individual","Female","Female","Female","Female","Female","Female",1,1,1,1,1,1,"01/14/2013","01/14/2013","01/15/2013","01/15/2013","01/15/2013",2,NA,"Judge William J. Martinez","Senior District Judge Miller","Magistrate Judge Michael J. Watanabe","Magistrate Judge Michael J. Watanabe","Judge William J. Martínez","Judge William J. Martinez",8,8,NA,2,3,3,62,"08:44 AM","09:46 AM",0,NA,"At 09:45 Voir dire completed; challenges for cause and peremptory challenges recorded; then at 09:46 Jury sworn to try case",NA,"one or more days had unresolvable times — verify manually","YES","NO",0,"defendant","defendant","plaintiff","defendant",NA,0,0,NA
1102557,NA,"federal agency",NA,NA,"corporation",NA,NA,NA,NA,NA,NA,NA,NA,1,NA,NA,1,NA,NA,"04/08/2013",NA,NA,"04/12/2013",NA,NA,"Senior Judge Christine M. Arguello","Senior District Judge Lewis T. Babcock","Magistrate Judge Craig B. Shaffer","Magistrate Judge Craig B. Shaffer",NA,"Judge Christine M. Arguello",NA,10,NA,NA,NA,NA,NA,NA,NA,NA,NA,NA,NA,NA,NA,NA,NA,NA,"plaintiff",NA,"plaintiff",NA,NA,NA,NA
1501068,NA,"individual","individual",NA,"corporation","corporation",NA,"Male","Male",NA,NA,NA,NA,1,1,NA,1,1,"01/09/2017","01/09/2017",NA,"01/12/2017","01/12/2017",4,NA,"Judge Lewis T. Babcock","Judge Lewis T. Babcock","Magistrate Judge Kristen L. Mix","Magistrate Judge Kristen L. Mix","Judge Lewis T. Babcock","Judge Lewis T. Babcock",9,9,NA,2,3,3,51,"9:45 AM","10:36 AM",0,NA,"Before voir dire commenced at 9:45 AM: Court's opening remarks, Court advises jury panel regarding stipulated facts, Jurors sworn for voir dire, Fifteen jurors called to the jury box, Counsel introduce themselves and those seated at counsel tables.",210,NA,NA,NA,NA,NA,"defendant","defendant","defendant",NA,NA,NA,NA
1703070,NA,"individual","individual",NA,"corporation","corporation",NA,"Male","Male",NA,NA,NA,NA,1,1,NA,1,1,"04/15/2019","04/15/2019",NA,"04/19/2019","04/19/2019",5,NA,"Magistrate Judge Kristen L. Mix","Magistrate Judge Kristen L. Mix","Magistrate Judge Kristen L. Mix","Magistrate Judge Kristen L. Mix","Magistrate Judge Kristen L. Mix","Magistrate Judge Kristen L. Mix",8,NA,NA,0,2,2,50,"9:30 AM","10:25 AM",0,NA,"At the start timestamp (9:30 AM): Jury panel present, Court's preliminary statements to the jury, Jurors sworn for voir dire, Twelve jurors called to the jury box — all occurred before Voir dire by the Court began. At the end timestamp (10:25 AM): After jurors sworn to try the case, Court's preliminary instructions to the jury, Bailiff sworn, Jury sworn occurred before Court in recess.",216,NA,NA,NA,NA,NA,"plaintiff","plaintiff","plaintiff",NA,NA,NA,NA
501853,NA,"corporation, individual",NA,NA,"corporation",NA,NA,"Mixed",NA,NA,NA,NA,NA,6,NA,NA,1,NA,"03/12/2007","03/12/2007",NA,NA,"03/16/2007",NA,NA,"Judge Robert E. Blackburn","Judge Robert E. Blackburn","Magistrate Judge Craig B. Shaffer","Magistrate Judge Craig B Shaffer","Judge Robert E. Blackburn","Judge Robert E. Blackburn",8,8,40,3,3,3,44,"9:23 AM","11:17 AM",10,"10:20 AM to 10:30 AM","At the start timestamp (9:23 AM), voir dire by the Court begins directly. At the end timestamp (11:17 AM), the jury panel is sworn immediately — no intervening events between the timestamp and the swearing-in. However, between 10:30 AM (court in session) and 11:17 AM, voir dire by Plaintiff began at 10:30 AM and voir dire by Defendant began at 10:50 AM, followed by excusals for cause and peremptory challenges before the jury was sworn.",NA,NA,NA,NA,NA,NA,"judgement as a matter of law",NA,"defendant",NA,NA,NA,NA
902977,NA,"corporation","corporation",NA,"corporation","corporation",NA,NA,NA,NA,NA,NA,NA,1,1,NA,1,1,"06/27/2011","06/27/2011",NA,"07/07/2011","07/07/2011",7,NA,"Judge Robert E. Blackburn",NA,"Magistrate Judge Kristen L. Mix","Magistrate Judge Kristen L. Mix","Judge Robert E. Blackburn","Judge Robert E. Blackburn",9,NA,NA,1,3,3,83,"8:44 AM","11:07 AM",14,"10:11 AM to 10:25 AM","At 8:44 AM, civil voir dire oath given to jury panel precedes voir dire by court commences. At 11:07 AM, civil jury oath administered marks the end of voir dire.",NA,"one or more days had unresolvable times — verify manually",NA,NA,NA,NA,"plaintiff","plaintiff","plaintiff",NA,NA,NA,NA
